Copyright 1986-2022 Xilinx, Inc. All Rights Reserved. Copyright 2022-2024 Advanced Micro Devices, Inc. All Rights Reserved.
---------------------------------------------------------------------------------------------------------------------------------------------------------------------------------------------------------------------
| Tool Version : Vivado v.2024.2 (lin64) Build 5239630 Fri Nov 08 22:34:34 MST 2024
| Date         : Fri May 15 12:29:27 2026
| Host         : insa-20384 running 64-bit Linux Mint 22
| Command      : report_timing_summary -max_paths 10 -report_unconstrained -file pipeline_timing_summary_routed.rpt -pb pipeline_timing_summary_routed.pb -rpx pipeline_timing_summary_routed.rpx -warn_on_violation
| Design       : pipeline
| Device       : 7a35t-cpg236
| Speed File   : -1  PRODUCTION 1.23 2018-06-13
| Design State : Routed
---------------------------------------------------------------------------------------------------------------------------------------------------------------------------------------------------------------------

Timing Summary Report

------------------------------------------------------------------------------------------------
| Timer Settings
| --------------
------------------------------------------------------------------------------------------------

  Enable Multi Corner Analysis               :  Yes
  Enable Pessimism Removal                   :  Yes
  Pessimism Removal Resolution               :  Nearest Common Node
  Enable Input Delay Default Clock           :  No
  Enable Preset / Clear Arcs                 :  No
  Disable Flight Delays                      :  No
  Ignore I/O Paths                           :  No
  Timing Early Launch at Borrowing Latches   :  No
  Borrow Time for Max Delay Exceptions       :  Yes
  Merge Timing Exceptions                    :  Yes
  Inter-SLR Compensation                     :  Conservative

  Corner  Analyze    Analyze    
  Name    Max Paths  Min Paths  
  ------  ---------  ---------  
  Slow    Yes        Yes        
  Fast    Yes        Yes        


------------------------------------------------------------------------------------------------
| Report Methodology
| ------------------
------------------------------------------------------------------------------------------------

Rule       Severity  Description                    Violations  
---------  --------  -----------------------------  ----------  
TIMING-18  Warning   Missing input or output delay  9           

Note: This report is based on the most recent report_methodology run and may not be up-to-date. Run report_methodology on the current design for the latest report.



check_timing report

Table of Contents
-----------------
1. checking no_clock (0)
2. checking constant_clock (0)
3. checking pulse_width_clock (0)
4. checking unconstrained_internal_endpoints (0)
5. checking no_input_delay (1)
6. checking no_output_delay (8)
7. checking multiple_clock (0)
8. checking generated_clocks (0)
9. checking loops (0)
10. checking partial_input_delay (0)
11. checking partial_output_delay (0)
12. checking latch_loops (0)

1. checking no_clock (0)
------------------------
 There are 0 register/latch pins with no clock.


2. checking constant_clock (0)
------------------------------
 There are 0 register/latch pins with constant_clock.


3. checking pulse_width_clock (0)
---------------------------------
 There are 0 register/latch pins which need pulse_width check


4. checking unconstrained_internal_endpoints (0)
------------------------------------------------
 There are 0 pins that are not constrained for maximum delay.

 There are 0 pins that are not constrained for maximum delay due to constant clock.


5. checking no_input_delay (1)
------------------------------
 There is 1 input port with no input delay specified. (HIGH)

 There are 0 input ports with no input delay but user has a false path constraint.


6. checking no_output_delay (8)
-------------------------------
 There are 8 ports with no output delay specified. (HIGH)

 There are 0 ports with no output delay but user has a false path constraint

 There are 0 ports with no output delay but with a timing clock defined on it or propagating through it


7. checking multiple_clock (0)
------------------------------
 There are 0 register/latch pins with multiple clocks.


8. checking generated_clocks (0)
--------------------------------
 There are 0 generated clocks that are not connected to a clock source.


9. checking loops (0)
---------------------
 There are 0 combinational loops in the design.


10. checking partial_input_delay (0)
------------------------------------
 There are 0 input ports with partial input delay specified.


11. checking partial_output_delay (0)
-------------------------------------
 There are 0 ports with partial output delay specified.


12. checking latch_loops (0)
----------------------------
 There are 0 combinational latch loops in the design through latch input



------------------------------------------------------------------------------------------------
| Design Timing Summary
| ---------------------
------------------------------------------------------------------------------------------------

    WNS(ns)      TNS(ns)  TNS Failing Endpoints  TNS Total Endpoints      WHS(ns)      THS(ns)  THS Failing Endpoints  THS Total Endpoints     WPWS(ns)     TPWS(ns)  TPWS Failing Endpoints  TPWS Total Endpoints  
    -------      -------  ---------------------  -------------------      -------      -------  ---------------------  -------------------     --------     --------  ----------------------  --------------------  
   1445.685        0.000                      0                 4476        0.043        0.000                      0                 4476        4.020        0.000                       0                  2294  


All user specified timing constraints are met.


------------------------------------------------------------------------------------------------
| Clock Summary
| -------------
------------------------------------------------------------------------------------------------

Clock       Waveform(ns)           Period(ns)      Frequency(MHz)
-----       ------------           ----------      --------------
sysclk_pin  {0.000 5.000}          1500.000        0.667           


------------------------------------------------------------------------------------------------
| Intra Clock Table
| -----------------
------------------------------------------------------------------------------------------------

Clock             WNS(ns)      TNS(ns)  TNS Failing Endpoints  TNS Total Endpoints      WHS(ns)      THS(ns)  THS Failing Endpoints  THS Total Endpoints     WPWS(ns)     TPWS(ns)  TPWS Failing Endpoints  TPWS Total Endpoints  
-----             -------      -------  ---------------------  -------------------      -------      -------  ---------------------  -------------------     --------     --------  ----------------------  --------------------  
sysclk_pin       1445.685        0.000                      0                 4476        0.043        0.000                      0                 4476        4.020        0.000                       0                  2294  


------------------------------------------------------------------------------------------------
| Inter Clock Table
| -----------------
------------------------------------------------------------------------------------------------

From Clock    To Clock          WNS(ns)      TNS(ns)  TNS Failing Endpoints  TNS Total Endpoints      WHS(ns)      THS(ns)  THS Failing Endpoints  THS Total Endpoints  
----------    --------          -------      -------  ---------------------  -------------------      -------      -------  ---------------------  -------------------  


------------------------------------------------------------------------------------------------
| Other Path Groups Table
| -----------------------
------------------------------------------------------------------------------------------------

Path Group    From Clock    To Clock          WNS(ns)      TNS(ns)  TNS Failing Endpoints  TNS Total Endpoints      WHS(ns)      THS(ns)  THS Failing Endpoints  THS Total Endpoints  
----------    ----------    --------          -------      -------  ---------------------  -------------------      -------      -------  ---------------------  -------------------  


------------------------------------------------------------------------------------------------
| User Ignored Path Table
| -----------------------
------------------------------------------------------------------------------------------------

Path Group    From Clock    To Clock    
----------    ----------    --------    


------------------------------------------------------------------------------------------------
| Unconstrained Path Table
| ------------------------
------------------------------------------------------------------------------------------------

Path Group    From Clock    To Clock    
----------    ----------    --------    
(none)        sysclk_pin                  
(none)                      sysclk_pin    


------------------------------------------------------------------------------------------------
| Timing Details
| --------------
------------------------------------------------------------------------------------------------


---------------------------------------------------------------------------------------------------
From Clock:  sysclk_pin
  To Clock:  sysclk_pin

Setup :            0  Failing Endpoints,  Worst Slack     1445.685ns,  Total Violation        0.000ns
Hold  :            0  Failing Endpoints,  Worst Slack        0.043ns,  Total Violation        0.000ns
PW    :            0  Failing Endpoints,  Worst Slack        4.020ns,  Total Violation        0.000ns
---------------------------------------------------------------------------------------------------


Max Delay Paths
--------------------------------------------------------------------------------------
Slack (MET) :             1445.685ns  (required time - arrival time)
  Source:                 di_ex/C_OUT_reg[0]/C
                            (rising edge-triggered cell FDRE clocked by sysclk_pin  {rise@0.000ns fall@5.000ns period=1500.000ns})
  Destination:            ex_mem/B_OUT_reg[1]/D
                            (rising edge-triggered cell FDRE clocked by sysclk_pin  {rise@0.000ns fall@5.000ns period=1500.000ns})
  Path Group:             sysclk_pin
  Path Type:              Setup (Max at Slow Process Corner)
  Requirement:            1500.000ns  (sysclk_pin rise@1500.000ns - sysclk_pin rise@0.000ns)
  Data Path Delay:        53.996ns  (logic 22.317ns (41.331%)  route 31.679ns (58.669%))
  Logic Levels:           87  (CARRY4=66 LUT1=1 LUT2=7 LUT3=5 LUT4=1 LUT5=5 LUT6=2)
  Clock Path Skew:        -0.028ns (DCD - SCD + CPR)
    Destination Clock Delay (DCD):    4.780ns = ( 1504.780 - 1500.000 ) 
    Source Clock Delay      (SCD):    5.068ns
    Clock Pessimism Removal (CPR):    0.260ns
  Clock Uncertainty:      0.035ns  ((TSJ^2 + TIJ^2)^1/2 + DJ) / 2 + PE
    Total System Jitter     (TSJ):    0.071ns
    Total Input Jitter      (TIJ):    0.000ns
    Discrete Jitter          (DJ):    0.000ns
    Phase Error              (PE):    0.000ns

    Location             Delay type                Incr(ns)  Path(ns)    Netlist Resource(s)
  -------------------------------------------------------------------    -------------------
                         (clock sysclk_pin rise edge)
                                                      0.000     0.000 r  
    W5                                                0.000     0.000 r  CLK (IN)
                         net (fo=0)                   0.000     0.000    CLK
    W5                   IBUF (Prop_ibuf_I_O)         1.458     1.458 r  CLK_IBUF_inst/O
                         net (fo=1, routed)           1.967     3.425    CLK_IBUF
    BUFGCTRL_X0Y0        BUFG (Prop_bufg_I_O)         0.096     3.521 r  CLK_IBUF_BUFG_inst/O
                         net (fo=2293, routed)        1.547     5.068    di_ex/CLK
    SLICE_X35Y27         FDRE                                         r  di_ex/C_OUT_reg[0]/C
  -------------------------------------------------------------------    -------------------
    SLICE_X35Y27         FDRE (Prop_fdre_C_Q)         0.456     5.524 r  di_ex/C_OUT_reg[0]/Q
                         net (fo=89, routed)          2.751     8.275    di_ex/c_di[0]
    SLICE_X32Y20         LUT6 (Prop_lut6_I2_O)        0.124     8.399 f  di_ex/res1_carry__0_i_9/O
                         net (fo=34, routed)          1.455     9.854    di_ex/res1_carry__0_i_9_n_0
    SLICE_X30Y27         LUT3 (Prop_lut3_I0_O)        0.124     9.978 r  di_ex/res1_carry__0_i_5/O
                         net (fo=1, routed)           0.000     9.978    alu/B_OUT[7]_i_143_0[3]
    SLICE_X30Y27         CARRY4 (Prop_carry4_S[3]_CO[3])
                                                      0.376    10.354 r  alu/res1_carry__0/CO[3]
                         net (fo=1, routed)           0.000    10.354    di_ex/CO[0]
    SLICE_X30Y28         CARRY4 (Prop_carry4_CI_CO[0])
                                                      0.254    10.608 r  di_ex/B_OUT_reg[7]_i_146/CO[0]
                         net (fo=12, routed)          1.327    11.935    di_ex/B_OUT_reg[7]_i_146_n_3
    SLICE_X31Y27         LUT3 (Prop_lut3_I1_O)        0.367    12.302 r  di_ex/B_OUT[7]_i_144/O
                         net (fo=1, routed)           0.000    12.302    di_ex/B_OUT[7]_i_144_n_0
    SLICE_X31Y27         CARRY4 (Prop_carry4_S[1]_CO[3])
                                                      0.550    12.852 r  di_ex/B_OUT_reg[7]_i_128/CO[3]
                         net (fo=1, routed)           0.000    12.852    di_ex/B_OUT_reg[7]_i_128_n_0
    SLICE_X31Y28         CARRY4 (Prop_carry4_CI_CO[2])
                                                      0.228    13.080 r  di_ex/B_OUT_reg[7]_i_134/CO[2]
                         net (fo=14, routed)          1.367    14.447    di_ex/B_OUT_reg[7]_i_134_n_1
    SLICE_X38Y25         LUT2 (Prop_lut2_I1_O)        0.313    14.760 r  di_ex/B_OUT[7]_i_138/O
                         net (fo=1, routed)           0.000    14.760    di_ex/B_OUT[7]_i_138_n_0
    SLICE_X38Y25         CARRY4 (Prop_carry4_S[1]_CO[3])
                                                      0.533    15.293 r  di_ex/B_OUT_reg[7]_i_114/CO[3]
                         net (fo=1, routed)           0.000    15.293    di_ex/B_OUT_reg[7]_i_114_n_0
    SLICE_X38Y26         CARRY4 (Prop_carry4_CI_CO[3])
                                                      0.117    15.410 r  di_ex/B_OUT_reg[7]_i_113/CO[3]
                         net (fo=1, routed)           0.000    15.410    di_ex/B_OUT_reg[7]_i_113_n_0
    SLICE_X38Y27         CARRY4 (Prop_carry4_CI_CO[3])
                                                      0.117    15.527 r  di_ex/B_OUT_reg[7]_i_119/CO[3]
                         net (fo=16, routed)          1.503    17.030    di_ex/B_OUT_reg[7]_i_119_n_0
    SLICE_X40Y25         LUT2 (Prop_lut2_I1_O)        0.124    17.154 r  di_ex/B_OUT[7]_i_123/O
                         net (fo=1, routed)           0.000    17.154    di_ex/B_OUT[7]_i_123_n_0
    SLICE_X40Y25         CARRY4 (Prop_carry4_S[1]_CO[3])
                                                      0.550    17.704 r  di_ex/B_OUT_reg[7]_i_99/CO[3]
                         net (fo=1, routed)           0.000    17.704    di_ex/B_OUT_reg[7]_i_99_n_0
    SLICE_X40Y26         CARRY4 (Prop_carry4_CI_CO[3])
                                                      0.114    17.818 r  di_ex/B_OUT_reg[7]_i_98/CO[3]
                         net (fo=1, routed)           0.000    17.818    di_ex/B_OUT_reg[7]_i_98_n_0
    SLICE_X40Y27         CARRY4 (Prop_carry4_CI_CO[3])
                                                      0.114    17.932 r  di_ex/B_OUT_reg[7]_i_112/CO[3]
                         net (fo=1, routed)           0.000    17.932    di_ex/B_OUT_reg[7]_i_112_n_0
    SLICE_X40Y28         CARRY4 (Prop_carry4_CI_CO[0])
                                                      0.271    18.203 r  di_ex/B_OUT_reg[7]_i_96/CO[0]
                         net (fo=18, routed)          1.480    19.683    di_ex/B_OUT_reg[7]_i_96_n_3
    SLICE_X36Y25         LUT2 (Prop_lut2_I1_O)        0.373    20.056 r  di_ex/B_OUT[7]_i_107__0/O
                         net (fo=1, routed)           0.000    20.056    di_ex/B_OUT[7]_i_107__0_n_0
    SLICE_X36Y25         CARRY4 (Prop_carry4_S[1]_CO[3])
                                                      0.550    20.606 r  di_ex/B_OUT_reg[7]_i_82/CO[3]
                         net (fo=1, routed)           0.000    20.606    di_ex/B_OUT_reg[7]_i_82_n_0
    SLICE_X36Y26         CARRY4 (Prop_carry4_CI_CO[3])
                                                      0.114    20.720 r  di_ex/B_OUT_reg[7]_i_81/CO[3]
                         net (fo=1, routed)           0.000    20.720    di_ex/B_OUT_reg[7]_i_81_n_0
    SLICE_X36Y27         CARRY4 (Prop_carry4_CI_CO[3])
                                                      0.114    20.834 r  di_ex/B_OUT_reg[7]_i_95/CO[3]
                         net (fo=1, routed)           0.000    20.834    di_ex/B_OUT_reg[7]_i_95_n_0
    SLICE_X36Y28         CARRY4 (Prop_carry4_CI_CO[1])
                                                      0.157    20.991 r  di_ex/B_OUT_reg[7]_i_78/CO[1]
                         net (fo=20, routed)          1.699    22.690    di_ex/B_OUT_reg[7]_i_78_n_2
    SLICE_X36Y21         LUT2 (Prop_lut2_I1_O)        0.329    23.019 r  di_ex/B_OUT[7]_i_90__0/O
                         net (fo=1, routed)           0.000    23.019    di_ex/B_OUT[7]_i_90__0_n_0
    SLICE_X36Y21         CARRY4 (Prop_carry4_S[1]_CO[3])
                                                      0.550    23.569 r  di_ex/B_OUT_reg[7]_i_64/CO[3]
                         net (fo=1, routed)           0.000    23.569    di_ex/B_OUT_reg[7]_i_64_n_0
    SLICE_X36Y22         CARRY4 (Prop_carry4_CI_CO[3])
                                                      0.114    23.683 r  di_ex/B_OUT_reg[7]_i_63/CO[3]
                         net (fo=1, routed)           0.000    23.683    di_ex/B_OUT_reg[7]_i_63_n_0
    SLICE_X36Y23         CARRY4 (Prop_carry4_CI_CO[3])
                                                      0.114    23.797 r  di_ex/B_OUT_reg[7]_i_77/CO[3]
                         net (fo=1, routed)           0.000    23.797    di_ex/B_OUT_reg[7]_i_77_n_0
    SLICE_X36Y24         CARRY4 (Prop_carry4_CI_CO[2])
                                                      0.228    24.025 r  di_ex/B_OUT_reg[7]_i_51__0/CO[2]
                         net (fo=22, routed)          1.616    25.641    di_ex/B_OUT_reg[7]_i_51__0_n_1
    SLICE_X40Y20         LUT2 (Prop_lut2_I1_O)        0.313    25.954 r  di_ex/B_OUT[7]_i_72__0/O
                         net (fo=1, routed)           0.000    25.954    di_ex/B_OUT[7]_i_72__0_n_0
    SLICE_X40Y20         CARRY4 (Prop_carry4_S[1]_CO[3])
                                                      0.550    26.504 r  di_ex/B_OUT_reg[7]_i_41__0/CO[3]
                         net (fo=1, routed)           0.000    26.504    di_ex/B_OUT_reg[7]_i_41__0_n_0
    SLICE_X40Y21         CARRY4 (Prop_carry4_CI_CO[3])
                                                      0.114    26.618 r  di_ex/B_OUT_reg[7]_i_40__0/CO[3]
                         net (fo=1, routed)           0.000    26.618    di_ex/B_OUT_reg[7]_i_40__0_n_0
    SLICE_X40Y22         CARRY4 (Prop_carry4_CI_CO[3])
                                                      0.114    26.732 r  di_ex/B_OUT_reg[7]_i_50__0/CO[3]
                         net (fo=1, routed)           0.000    26.732    di_ex/B_OUT_reg[7]_i_50__0_n_0
    SLICE_X40Y23         CARRY4 (Prop_carry4_CI_CO[3])
                                                      0.114    26.846 r  di_ex/B_OUT_reg[7]_i_29__0/CO[3]
                         net (fo=24, routed)          1.842    28.688    di_ex/B_OUT_reg[7]_i_29__0_n_0
    SLICE_X38Y20         LUT2 (Prop_lut2_I1_O)        0.124    28.812 r  di_ex/B_OUT[7]_i_62__0/O
                         net (fo=1, routed)           0.000    28.812    di_ex/B_OUT[7]_i_62__0_n_0
    SLICE_X38Y20         CARRY4 (Prop_carry4_S[1]_CO[3])
                                                      0.533    29.345 r  di_ex/B_OUT_reg[7]_i_35__0/CO[3]
                         net (fo=1, routed)           0.000    29.345    di_ex/B_OUT_reg[7]_i_35__0_n_0
    SLICE_X38Y21         CARRY4 (Prop_carry4_CI_CO[3])
                                                      0.117    29.462 r  di_ex/B_OUT_reg[7]_i_23__0/CO[3]
                         net (fo=1, routed)           0.000    29.462    di_ex/B_OUT_reg[7]_i_23__0_n_0
    SLICE_X38Y22         CARRY4 (Prop_carry4_CI_CO[3])
                                                      0.117    29.579 r  di_ex/B_OUT_reg[7]_i_28__0/CO[3]
                         net (fo=1, routed)           0.000    29.579    di_ex/B_OUT_reg[7]_i_28__0_n_0
    SLICE_X38Y23         CARRY4 (Prop_carry4_CI_CO[3])
                                                      0.117    29.696 r  di_ex/B_OUT_reg[7]_i_21__0/CO[3]
                         net (fo=1, routed)           0.000    29.696    di_ex/B_OUT_reg[7]_i_21__0_n_0
    SLICE_X38Y24         CARRY4 (Prop_carry4_CI_CO[0])
                                                      0.254    29.950 r  di_ex/B_OUT_reg[7]_i_14__0/CO[0]
                         net (fo=26, routed)          1.292    31.242    di_ex/B_OUT_reg[7]_i_14__0_n_3
    SLICE_X35Y22         LUT5 (Prop_lut5_I0_O)        0.367    31.609 r  di_ex/B_OUT[7]_i_58__0/O
                         net (fo=1, routed)           0.000    31.609    di_ex/B_OUT[7]_i_58__0_n_0
    SLICE_X35Y22         CARRY4 (Prop_carry4_S[1]_CO[3])
                                                      0.550    32.159 r  di_ex/B_OUT_reg[7]_i_34__0/CO[3]
                         net (fo=1, routed)           0.000    32.159    di_ex/B_OUT_reg[7]_i_34__0_n_0
    SLICE_X35Y23         CARRY4 (Prop_carry4_CI_CO[3])
                                                      0.114    32.273 r  di_ex/B_OUT_reg[7]_i_22__0/CO[3]
                         net (fo=1, routed)           0.000    32.273    di_ex/B_OUT_reg[7]_i_22__0_n_0
    SLICE_X35Y24         CARRY4 (Prop_carry4_CI_CO[3])
                                                      0.114    32.387 r  di_ex/B_OUT_reg[7]_i_16__0/CO[3]
                         net (fo=1, routed)           0.009    32.396    di_ex/B_OUT_reg[7]_i_16__0_n_0
    SLICE_X35Y25         CARRY4 (Prop_carry4_CI_CO[3])
                                                      0.114    32.510 r  di_ex/B_OUT_reg[7]_i_13__0/CO[3]
                         net (fo=1, routed)           0.000    32.510    di_ex/B_OUT_reg[7]_i_13__0_n_0
    SLICE_X35Y26         CARRY4 (Prop_carry4_CI_CO[1])
                                                      0.157    32.667 r  di_ex/B_OUT_reg[7]_i_9__0/CO[1]
                         net (fo=30, routed)          1.531    34.198    di_ex/B_OUT_reg[7]_i_9__0_n_2
    SLICE_X33Y24         LUT3 (Prop_lut3_I1_O)        0.329    34.527 r  di_ex/B_OUT[6]_i_21/O
                         net (fo=1, routed)           0.000    34.527    di_ex/B_OUT[6]_i_21_n_0
    SLICE_X33Y24         CARRY4 (Prop_carry4_S[1]_CO[3])
                                                      0.550    35.077 r  di_ex/B_OUT_reg[6]_i_14__0/CO[3]
                         net (fo=1, routed)           0.009    35.086    di_ex/B_OUT_reg[6]_i_14__0_n_0
    SLICE_X33Y25         CARRY4 (Prop_carry4_CI_CO[3])
                                                      0.114    35.200 r  di_ex/B_OUT_reg[6]_i_9__0/CO[3]
                         net (fo=1, routed)           0.000    35.200    di_ex/B_OUT_reg[6]_i_9__0_n_0
    SLICE_X33Y26         CARRY4 (Prop_carry4_CI_CO[3])
                                                      0.114    35.314 r  di_ex/B_OUT_reg[6]_i_5/CO[3]
                         net (fo=1, routed)           0.000    35.314    di_ex/B_OUT_reg[6]_i_5_n_0
    SLICE_X33Y27         CARRY4 (Prop_carry4_CI_CO[1])
                                                      0.157    35.471 r  di_ex/B_OUT_reg[6]_i_3__1/CO[1]
                         net (fo=30, routed)          1.738    37.209    di_ex/res10_in[6]
    SLICE_X30Y21         LUT5 (Prop_lut5_I0_O)        0.329    37.538 r  di_ex/res1__728_carry_i_66/O
                         net (fo=1, routed)           0.000    37.538    di_ex/res1__728_carry_i_66_n_0
    SLICE_X30Y21         CARRY4 (Prop_carry4_S[1]_CO[3])
                                                      0.533    38.071 r  di_ex/res1__728_carry_i_52/CO[3]
                         net (fo=1, routed)           0.000    38.071    di_ex/res1__728_carry_i_52_n_0
    SLICE_X30Y22         CARRY4 (Prop_carry4_CI_CO[3])
                                                      0.117    38.188 r  di_ex/res1__728_carry__0_i_21/CO[3]
                         net (fo=1, routed)           0.000    38.188    di_ex/res1__728_carry__0_i_21_n_0
    SLICE_X30Y23         CARRY4 (Prop_carry4_CI_CO[3])
                                                      0.117    38.305 r  di_ex/B_OUT_reg[5]_i_9__0/CO[3]
                         net (fo=1, routed)           0.000    38.305    di_ex/B_OUT_reg[5]_i_9__0_n_0
    SLICE_X30Y24         CARRY4 (Prop_carry4_CI_CO[3])
                                                      0.117    38.422 r  di_ex/B_OUT_reg[5]_i_6/CO[3]
                         net (fo=1, routed)           0.009    38.431    di_ex/B_OUT_reg[5]_i_6_n_0
    SLICE_X30Y25         CARRY4 (Prop_carry4_CI_CO[1])
                                                      0.157    38.588 r  di_ex/B_OUT_reg[5]_i_5/CO[1]
                         net (fo=30, routed)          1.637    40.226    di_ex/res10_in[5]
    SLICE_X28Y22         LUT3 (Prop_lut3_I1_O)        0.332    40.558 r  di_ex/res1__728_carry__0_i_24/O
                         net (fo=1, routed)           0.000    40.558    di_ex/res1__728_carry__0_i_24_n_0
    SLICE_X28Y22         CARRY4 (Prop_carry4_S[1]_CO[3])
                                                      0.550    41.108 r  di_ex/res1__728_carry__0_i_16/CO[3]
                         net (fo=1, routed)           0.000    41.108    di_ex/res1__728_carry__0_i_16_n_0
    SLICE_X28Y23         CARRY4 (Prop_carry4_CI_CO[3])
                                                      0.114    41.222 r  di_ex/B_OUT_reg[4]_i_16__0/CO[3]
                         net (fo=1, routed)           0.000    41.222    di_ex/B_OUT_reg[4]_i_16__0_n_0
    SLICE_X28Y24         CARRY4 (Prop_carry4_CI_CO[3])
                                                      0.114    41.336 r  di_ex/B_OUT_reg[4]_i_13__0/CO[3]
                         net (fo=1, routed)           0.009    41.345    di_ex/B_OUT_reg[4]_i_13__0_n_0
    SLICE_X28Y25         CARRY4 (Prop_carry4_CI_CO[1])
                                                      0.157    41.502 r  di_ex/B_OUT_reg[4]_i_5/CO[1]
                         net (fo=30, routed)          1.568    43.070    di_ex/res10_in[4]
    SLICE_X32Y21         LUT5 (Prop_lut5_I0_O)        0.329    43.399 r  di_ex/res1__728_carry_i_42/O
                         net (fo=1, routed)           0.000    43.399    di_ex/res1__728_carry_i_42_n_0
    SLICE_X32Y21         CARRY4 (Prop_carry4_S[1]_CO[3])
                                                      0.550    43.949 r  di_ex/res1__728_carry_i_25/CO[3]
                         net (fo=1, routed)           0.000    43.949    di_ex/res1__728_carry_i_25_n_0
    SLICE_X32Y22         CARRY4 (Prop_carry4_CI_CO[3])
                                                      0.114    44.063 r  di_ex/res1__728_carry__0_i_11/CO[3]
                         net (fo=1, routed)           0.000    44.063    di_ex/res1__728_carry__0_i_11_n_0
    SLICE_X32Y23         CARRY4 (Prop_carry4_CI_CO[3])
                                                      0.114    44.177 r  di_ex/res1__728_carry_i_47/CO[3]
                         net (fo=1, routed)           0.000    44.177    di_ex/res1__728_carry_i_47_n_0
    SLICE_X32Y24         CARRY4 (Prop_carry4_CI_CO[3])
                                                      0.114    44.291 r  di_ex/res1__728_carry_i_35/CO[3]
                         net (fo=1, routed)           0.009    44.300    di_ex/res1__728_carry_i_35_n_0
    SLICE_X32Y25         CARRY4 (Prop_carry4_CI_CO[1])
                                                      0.157    44.457 r  di_ex/res1__728_carry_i_22/CO[1]
                         net (fo=30, routed)          1.681    46.138    di_ex/res10_in[3]
    SLICE_X35Y19         LUT2 (Prop_lut2_I1_O)        0.355    46.493 r  di_ex/res1__728_carry_i_26/O
                         net (fo=1, routed)           0.336    46.829    di_ex/res1__728_carry_i_26_n_0
    SLICE_X34Y19         CARRY4 (Prop_carry4_DI[1]_CO[3])
                                                      0.728    47.557 r  di_ex/res1__728_carry_i_11/CO[3]
                         net (fo=1, routed)           0.000    47.557    di_ex/res1__728_carry_i_11_n_0
    SLICE_X34Y20         CARRY4 (Prop_carry4_CI_CO[3])
                                                      0.117    47.674 r  di_ex/res1__728_carry__0_i_6/CO[3]
                         net (fo=1, routed)           0.000    47.674    di_ex/res1__728_carry__0_i_6_n_0
    SLICE_X34Y21         CARRY4 (Prop_carry4_CI_CO[3])
                                                      0.117    47.791 r  di_ex/res1__728_carry_i_30/CO[3]
                         net (fo=1, routed)           0.000    47.791    di_ex/res1__728_carry_i_30_n_0
    SLICE_X34Y22         CARRY4 (Prop_carry4_CI_CO[3])
                                                      0.117    47.908 r  di_ex/res1__728_carry_i_21/CO[3]
                         net (fo=1, routed)           0.000    47.908    di_ex/res1__728_carry_i_21_n_0
    SLICE_X34Y23         CARRY4 (Prop_carry4_CI_CO[1])
                                                      0.157    48.065 r  di_ex/res1__728_carry_i_8/CO[1]
                         net (fo=30, routed)          1.456    49.521    di_ex/res10_in[2]
    SLICE_X33Y19         LUT3 (Prop_lut3_I1_O)        0.332    49.853 r  di_ex/res1__728_carry__0_i_9/O
                         net (fo=1, routed)           0.000    49.853    di_ex/res1__728_carry__0_i_9_n_0
    SLICE_X33Y19         CARRY4 (Prop_carry4_S[1]_CO[3])
                                                      0.550    50.403 r  di_ex/res1__728_carry__0_i_1/CO[3]
                         net (fo=1, routed)           0.000    50.403    di_ex/res1__728_carry__0_i_1_n_0
    SLICE_X33Y20         CARRY4 (Prop_carry4_CI_CO[3])
                                                      0.114    50.517 r  di_ex/res1__728_carry__1_i_5/CO[3]
                         net (fo=1, routed)           0.000    50.517    di_ex/res1__728_carry__1_i_5_n_0
    SLICE_X33Y21         CARRY4 (Prop_carry4_CI_CO[3])
                                                      0.114    50.631 r  di_ex/res1__728_carry_i_7/CO[3]
                         net (fo=1, routed)           0.000    50.631    di_ex/res1__728_carry_i_7_n_0
    SLICE_X33Y22         CARRY4 (Prop_carry4_CI_CO[1])
                                                      0.157    50.788 r  di_ex/res1__728_carry_i_1/CO[1]
                         net (fo=29, routed)          1.517    52.305    di_ex/res1__728_carry_i_10_0[0]
    SLICE_X31Y18         LUT5 (Prop_lut5_I3_O)        0.329    52.634 r  di_ex/res1__728_carry_i_5/O
                         net (fo=1, routed)           0.000    52.634    alu/res1__728_carry__0_1[1]
    SLICE_X31Y18         CARRY4 (Prop_carry4_S[1]_CO[3])
                                                      0.550    53.184 r  alu/res1__728_carry/CO[3]
                         net (fo=1, routed)           0.000    53.184    alu/res1__728_carry_n_0
    SLICE_X31Y19         CARRY4 (Prop_carry4_CI_CO[3])
                                                      0.114    53.298 r  alu/res1__728_carry__0/CO[3]
                         net (fo=1, routed)           0.000    53.298    alu/res1__728_carry__0_n_0
    SLICE_X31Y20         CARRY4 (Prop_carry4_CI_CO[3])
                                                      0.114    53.412 r  alu/res1__728_carry__1/CO[3]
                         net (fo=1, routed)           0.000    53.412    alu/res1__728_carry__1_n_0
    SLICE_X31Y21         CARRY4 (Prop_carry4_CI_CO[3])
                                                      0.114    53.526 r  alu/res1__728_carry__2/CO[3]
                         net (fo=1, routed)           0.000    53.526    alu/res1__728_carry__2_n_0
    SLICE_X31Y22         CARRY4 (Prop_carry4_CI_CO[0])
                                                      0.271    53.797 f  alu/res1__728_carry__3/CO[0]
                         net (fo=2, routed)           0.833    54.630    di_ex/B_OUT_reg[0]_i_2__1_0[0]
    SLICE_X29Y22         LUT1 (Prop_lut1_I0_O)        0.373    55.003 r  di_ex/B_OUT[4]_i_8/O
                         net (fo=1, routed)           0.348    55.351    di_ex/B_OUT[4]_i_8_n_0
    SLICE_X31Y23         CARRY4 (Prop_carry4_CYINIT_O[0])
                                                      0.482    55.833 r  di_ex/B_OUT_reg[4]_i_4/O[0]
                         net (fo=1, routed)           0.936    56.769    di_ex/res1[1]
    SLICE_X32Y19         LUT5 (Prop_lut5_I3_O)        0.299    57.068 f  di_ex/B_OUT[1]_i_4__0/O
                         net (fo=1, routed)           0.404    57.473    di_ex/B_OUT[1]_i_4__0_n_0
    SLICE_X33Y17         LUT6 (Prop_lut6_I5_O)        0.124    57.597 f  di_ex/B_OUT[1]_i_3/O
                         net (fo=3, routed)           0.841    58.438    di_ex/B_OUT[1]_i_3_n_0
    SLICE_X29Y17         LUT4 (Prop_lut4_I3_O)        0.152    58.590 r  di_ex/B_OUT[1]_i_1__0/O
                         net (fo=1, routed)           0.475    59.065    ex_mem/B_OUT_reg[7]_1[1]
    SLICE_X29Y17         FDRE                                         r  ex_mem/B_OUT_reg[1]/D
  -------------------------------------------------------------------    -------------------

                         (clock sysclk_pin rise edge)
                                                   1500.000  1500.000 r  
    W5                                                0.000  1500.000 r  CLK (IN)
                         net (fo=0)                   0.000  1500.000    CLK
    W5                   IBUF (Prop_ibuf_I_O)         1.388  1501.388 r  CLK_IBUF_inst/O
                         net (fo=1, routed)           1.862  1503.250    CLK_IBUF
    BUFGCTRL_X0Y0        BUFG (Prop_bufg_I_O)         0.091  1503.341 r  CLK_IBUF_BUFG_inst/O
                         net (fo=2293, routed)        1.439  1504.781    ex_mem/CLK
    SLICE_X29Y17         FDRE                                         r  ex_mem/B_OUT_reg[1]/C
                         clock pessimism              0.260  1505.040    
                         clock uncertainty           -0.035  1505.005    
    SLICE_X29Y17         FDRE (Setup_fdre_C_D)       -0.255  1504.750    ex_mem/B_OUT_reg[1]
  -------------------------------------------------------------------
                         required time                       1504.750    
                         arrival time                         -59.065    
  -------------------------------------------------------------------
                         slack                               1445.685    

Slack (MET) :             1445.695ns  (required time - arrival time)
  Source:                 di_ex/C_OUT_reg[0]/C
                            (rising edge-triggered cell FDRE clocked by sysclk_pin  {rise@0.000ns fall@5.000ns period=1500.000ns})
  Destination:            ex_mem/B_OUT_reg[2]_rep/D
                            (rising edge-triggered cell FDRE clocked by sysclk_pin  {rise@0.000ns fall@5.000ns period=1500.000ns})
  Path Group:             sysclk_pin
  Path Type:              Setup (Max at Slow Process Corner)
  Requirement:            1500.000ns  (sysclk_pin rise@1500.000ns - sysclk_pin rise@0.000ns)
  Data Path Delay:        54.265ns  (logic 22.642ns (41.725%)  route 31.623ns (58.275%))
  Logic Levels:           87  (CARRY4=66 LUT1=1 LUT2=7 LUT3=5 LUT4=1 LUT5=5 LUT6=2)
  Clock Path Skew:        -0.034ns (DCD - SCD + CPR)
    Destination Clock Delay (DCD):    4.774ns = ( 1504.774 - 1500.000 ) 
    Source Clock Delay      (SCD):    5.068ns
    Clock Pessimism Removal (CPR):    0.260ns
  Clock Uncertainty:      0.035ns  ((TSJ^2 + TIJ^2)^1/2 + DJ) / 2 + PE
    Total System Jitter     (TSJ):    0.071ns
    Total Input Jitter      (TIJ):    0.000ns
    Discrete Jitter          (DJ):    0.000ns
    Phase Error              (PE):    0.000ns

    Location             Delay type                Incr(ns)  Path(ns)    Netlist Resource(s)
  -------------------------------------------------------------------    -------------------
                         (clock sysclk_pin rise edge)
                                                      0.000     0.000 r  
    W5                                                0.000     0.000 r  CLK (IN)
                         net (fo=0)                   0.000     0.000    CLK
    W5                   IBUF (Prop_ibuf_I_O)         1.458     1.458 r  CLK_IBUF_inst/O
                         net (fo=1, routed)           1.967     3.425    CLK_IBUF
    BUFGCTRL_X0Y0        BUFG (Prop_bufg_I_O)         0.096     3.521 r  CLK_IBUF_BUFG_inst/O
                         net (fo=2293, routed)        1.547     5.068    di_ex/CLK
    SLICE_X35Y27         FDRE                                         r  di_ex/C_OUT_reg[0]/C
  -------------------------------------------------------------------    -------------------
    SLICE_X35Y27         FDRE (Prop_fdre_C_Q)         0.456     5.524 r  di_ex/C_OUT_reg[0]/Q
                         net (fo=89, routed)          2.751     8.275    di_ex/c_di[0]
    SLICE_X32Y20         LUT6 (Prop_lut6_I2_O)        0.124     8.399 f  di_ex/res1_carry__0_i_9/O
                         net (fo=34, routed)          1.455     9.854    di_ex/res1_carry__0_i_9_n_0
    SLICE_X30Y27         LUT3 (Prop_lut3_I0_O)        0.124     9.978 r  di_ex/res1_carry__0_i_5/O
                         net (fo=1, routed)           0.000     9.978    alu/B_OUT[7]_i_143_0[3]
    SLICE_X30Y27         CARRY4 (Prop_carry4_S[3]_CO[3])
                                                      0.376    10.354 r  alu/res1_carry__0/CO[3]
                         net (fo=1, routed)           0.000    10.354    di_ex/CO[0]
    SLICE_X30Y28         CARRY4 (Prop_carry4_CI_CO[0])
                                                      0.254    10.608 r  di_ex/B_OUT_reg[7]_i_146/CO[0]
                         net (fo=12, routed)          1.327    11.935    di_ex/B_OUT_reg[7]_i_146_n_3
    SLICE_X31Y27         LUT3 (Prop_lut3_I1_O)        0.367    12.302 r  di_ex/B_OUT[7]_i_144/O
                         net (fo=1, routed)           0.000    12.302    di_ex/B_OUT[7]_i_144_n_0
    SLICE_X31Y27         CARRY4 (Prop_carry4_S[1]_CO[3])
                                                      0.550    12.852 r  di_ex/B_OUT_reg[7]_i_128/CO[3]
                         net (fo=1, routed)           0.000    12.852    di_ex/B_OUT_reg[7]_i_128_n_0
    SLICE_X31Y28         CARRY4 (Prop_carry4_CI_CO[2])
                                                      0.228    13.080 r  di_ex/B_OUT_reg[7]_i_134/CO[2]
                         net (fo=14, routed)          1.367    14.447    di_ex/B_OUT_reg[7]_i_134_n_1
    SLICE_X38Y25         LUT2 (Prop_lut2_I1_O)        0.313    14.760 r  di_ex/B_OUT[7]_i_138/O
                         net (fo=1, routed)           0.000    14.760    di_ex/B_OUT[7]_i_138_n_0
    SLICE_X38Y25         CARRY4 (Prop_carry4_S[1]_CO[3])
                                                      0.533    15.293 r  di_ex/B_OUT_reg[7]_i_114/CO[3]
                         net (fo=1, routed)           0.000    15.293    di_ex/B_OUT_reg[7]_i_114_n_0
    SLICE_X38Y26         CARRY4 (Prop_carry4_CI_CO[3])
                                                      0.117    15.410 r  di_ex/B_OUT_reg[7]_i_113/CO[3]
                         net (fo=1, routed)           0.000    15.410    di_ex/B_OUT_reg[7]_i_113_n_0
    SLICE_X38Y27         CARRY4 (Prop_carry4_CI_CO[3])
                                                      0.117    15.527 r  di_ex/B_OUT_reg[7]_i_119/CO[3]
                         net (fo=16, routed)          1.503    17.030    di_ex/B_OUT_reg[7]_i_119_n_0
    SLICE_X40Y25         LUT2 (Prop_lut2_I1_O)        0.124    17.154 r  di_ex/B_OUT[7]_i_123/O
                         net (fo=1, routed)           0.000    17.154    di_ex/B_OUT[7]_i_123_n_0
    SLICE_X40Y25         CARRY4 (Prop_carry4_S[1]_CO[3])
                                                      0.550    17.704 r  di_ex/B_OUT_reg[7]_i_99/CO[3]
                         net (fo=1, routed)           0.000    17.704    di_ex/B_OUT_reg[7]_i_99_n_0
    SLICE_X40Y26         CARRY4 (Prop_carry4_CI_CO[3])
                                                      0.114    17.818 r  di_ex/B_OUT_reg[7]_i_98/CO[3]
                         net (fo=1, routed)           0.000    17.818    di_ex/B_OUT_reg[7]_i_98_n_0
    SLICE_X40Y27         CARRY4 (Prop_carry4_CI_CO[3])
                                                      0.114    17.932 r  di_ex/B_OUT_reg[7]_i_112/CO[3]
                         net (fo=1, routed)           0.000    17.932    di_ex/B_OUT_reg[7]_i_112_n_0
    SLICE_X40Y28         CARRY4 (Prop_carry4_CI_CO[0])
                                                      0.271    18.203 r  di_ex/B_OUT_reg[7]_i_96/CO[0]
                         net (fo=18, routed)          1.480    19.683    di_ex/B_OUT_reg[7]_i_96_n_3
    SLICE_X36Y25         LUT2 (Prop_lut2_I1_O)        0.373    20.056 r  di_ex/B_OUT[7]_i_107__0/O
                         net (fo=1, routed)           0.000    20.056    di_ex/B_OUT[7]_i_107__0_n_0
    SLICE_X36Y25         CARRY4 (Prop_carry4_S[1]_CO[3])
                                                      0.550    20.606 r  di_ex/B_OUT_reg[7]_i_82/CO[3]
                         net (fo=1, routed)           0.000    20.606    di_ex/B_OUT_reg[7]_i_82_n_0
    SLICE_X36Y26         CARRY4 (Prop_carry4_CI_CO[3])
                                                      0.114    20.720 r  di_ex/B_OUT_reg[7]_i_81/CO[3]
                         net (fo=1, routed)           0.000    20.720    di_ex/B_OUT_reg[7]_i_81_n_0
    SLICE_X36Y27         CARRY4 (Prop_carry4_CI_CO[3])
                                                      0.114    20.834 r  di_ex/B_OUT_reg[7]_i_95/CO[3]
                         net (fo=1, routed)           0.000    20.834    di_ex/B_OUT_reg[7]_i_95_n_0
    SLICE_X36Y28         CARRY4 (Prop_carry4_CI_CO[1])
                                                      0.157    20.991 r  di_ex/B_OUT_reg[7]_i_78/CO[1]
                         net (fo=20, routed)          1.699    22.690    di_ex/B_OUT_reg[7]_i_78_n_2
    SLICE_X36Y21         LUT2 (Prop_lut2_I1_O)        0.329    23.019 r  di_ex/B_OUT[7]_i_90__0/O
                         net (fo=1, routed)           0.000    23.019    di_ex/B_OUT[7]_i_90__0_n_0
    SLICE_X36Y21         CARRY4 (Prop_carry4_S[1]_CO[3])
                                                      0.550    23.569 r  di_ex/B_OUT_reg[7]_i_64/CO[3]
                         net (fo=1, routed)           0.000    23.569    di_ex/B_OUT_reg[7]_i_64_n_0
    SLICE_X36Y22         CARRY4 (Prop_carry4_CI_CO[3])
                                                      0.114    23.683 r  di_ex/B_OUT_reg[7]_i_63/CO[3]
                         net (fo=1, routed)           0.000    23.683    di_ex/B_OUT_reg[7]_i_63_n_0
    SLICE_X36Y23         CARRY4 (Prop_carry4_CI_CO[3])
                                                      0.114    23.797 r  di_ex/B_OUT_reg[7]_i_77/CO[3]
                         net (fo=1, routed)           0.000    23.797    di_ex/B_OUT_reg[7]_i_77_n_0
    SLICE_X36Y24         CARRY4 (Prop_carry4_CI_CO[2])
                                                      0.228    24.025 r  di_ex/B_OUT_reg[7]_i_51__0/CO[2]
                         net (fo=22, routed)          1.616    25.641    di_ex/B_OUT_reg[7]_i_51__0_n_1
    SLICE_X40Y20         LUT2 (Prop_lut2_I1_O)        0.313    25.954 r  di_ex/B_OUT[7]_i_72__0/O
                         net (fo=1, routed)           0.000    25.954    di_ex/B_OUT[7]_i_72__0_n_0
    SLICE_X40Y20         CARRY4 (Prop_carry4_S[1]_CO[3])
                                                      0.550    26.504 r  di_ex/B_OUT_reg[7]_i_41__0/CO[3]
                         net (fo=1, routed)           0.000    26.504    di_ex/B_OUT_reg[7]_i_41__0_n_0
    SLICE_X40Y21         CARRY4 (Prop_carry4_CI_CO[3])
                                                      0.114    26.618 r  di_ex/B_OUT_reg[7]_i_40__0/CO[3]
                         net (fo=1, routed)           0.000    26.618    di_ex/B_OUT_reg[7]_i_40__0_n_0
    SLICE_X40Y22         CARRY4 (Prop_carry4_CI_CO[3])
                                                      0.114    26.732 r  di_ex/B_OUT_reg[7]_i_50__0/CO[3]
                         net (fo=1, routed)           0.000    26.732    di_ex/B_OUT_reg[7]_i_50__0_n_0
    SLICE_X40Y23         CARRY4 (Prop_carry4_CI_CO[3])
                                                      0.114    26.846 r  di_ex/B_OUT_reg[7]_i_29__0/CO[3]
                         net (fo=24, routed)          1.842    28.688    di_ex/B_OUT_reg[7]_i_29__0_n_0
    SLICE_X38Y20         LUT2 (Prop_lut2_I1_O)        0.124    28.812 r  di_ex/B_OUT[7]_i_62__0/O
                         net (fo=1, routed)           0.000    28.812    di_ex/B_OUT[7]_i_62__0_n_0
    SLICE_X38Y20         CARRY4 (Prop_carry4_S[1]_CO[3])
                                                      0.533    29.345 r  di_ex/B_OUT_reg[7]_i_35__0/CO[3]
                         net (fo=1, routed)           0.000    29.345    di_ex/B_OUT_reg[7]_i_35__0_n_0
    SLICE_X38Y21         CARRY4 (Prop_carry4_CI_CO[3])
                                                      0.117    29.462 r  di_ex/B_OUT_reg[7]_i_23__0/CO[3]
                         net (fo=1, routed)           0.000    29.462    di_ex/B_OUT_reg[7]_i_23__0_n_0
    SLICE_X38Y22         CARRY4 (Prop_carry4_CI_CO[3])
                                                      0.117    29.579 r  di_ex/B_OUT_reg[7]_i_28__0/CO[3]
                         net (fo=1, routed)           0.000    29.579    di_ex/B_OUT_reg[7]_i_28__0_n_0
    SLICE_X38Y23         CARRY4 (Prop_carry4_CI_CO[3])
                                                      0.117    29.696 r  di_ex/B_OUT_reg[7]_i_21__0/CO[3]
                         net (fo=1, routed)           0.000    29.696    di_ex/B_OUT_reg[7]_i_21__0_n_0
    SLICE_X38Y24         CARRY4 (Prop_carry4_CI_CO[0])
                                                      0.254    29.950 r  di_ex/B_OUT_reg[7]_i_14__0/CO[0]
                         net (fo=26, routed)          1.292    31.242    di_ex/B_OUT_reg[7]_i_14__0_n_3
    SLICE_X35Y22         LUT5 (Prop_lut5_I0_O)        0.367    31.609 r  di_ex/B_OUT[7]_i_58__0/O
                         net (fo=1, routed)           0.000    31.609    di_ex/B_OUT[7]_i_58__0_n_0
    SLICE_X35Y22         CARRY4 (Prop_carry4_S[1]_CO[3])
                                                      0.550    32.159 r  di_ex/B_OUT_reg[7]_i_34__0/CO[3]
                         net (fo=1, routed)           0.000    32.159    di_ex/B_OUT_reg[7]_i_34__0_n_0
    SLICE_X35Y23         CARRY4 (Prop_carry4_CI_CO[3])
                                                      0.114    32.273 r  di_ex/B_OUT_reg[7]_i_22__0/CO[3]
                         net (fo=1, routed)           0.000    32.273    di_ex/B_OUT_reg[7]_i_22__0_n_0
    SLICE_X35Y24         CARRY4 (Prop_carry4_CI_CO[3])
                                                      0.114    32.387 r  di_ex/B_OUT_reg[7]_i_16__0/CO[3]
                         net (fo=1, routed)           0.009    32.396    di_ex/B_OUT_reg[7]_i_16__0_n_0
    SLICE_X35Y25         CARRY4 (Prop_carry4_CI_CO[3])
                                                      0.114    32.510 r  di_ex/B_OUT_reg[7]_i_13__0/CO[3]
                         net (fo=1, routed)           0.000    32.510    di_ex/B_OUT_reg[7]_i_13__0_n_0
    SLICE_X35Y26         CARRY4 (Prop_carry4_CI_CO[1])
                                                      0.157    32.667 r  di_ex/B_OUT_reg[7]_i_9__0/CO[1]
                         net (fo=30, routed)          1.531    34.198    di_ex/B_OUT_reg[7]_i_9__0_n_2
    SLICE_X33Y24         LUT3 (Prop_lut3_I1_O)        0.329    34.527 r  di_ex/B_OUT[6]_i_21/O
                         net (fo=1, routed)           0.000    34.527    di_ex/B_OUT[6]_i_21_n_0
    SLICE_X33Y24         CARRY4 (Prop_carry4_S[1]_CO[3])
                                                      0.550    35.077 r  di_ex/B_OUT_reg[6]_i_14__0/CO[3]
                         net (fo=1, routed)           0.009    35.086    di_ex/B_OUT_reg[6]_i_14__0_n_0
    SLICE_X33Y25         CARRY4 (Prop_carry4_CI_CO[3])
                                                      0.114    35.200 r  di_ex/B_OUT_reg[6]_i_9__0/CO[3]
                         net (fo=1, routed)           0.000    35.200    di_ex/B_OUT_reg[6]_i_9__0_n_0
    SLICE_X33Y26         CARRY4 (Prop_carry4_CI_CO[3])
                                                      0.114    35.314 r  di_ex/B_OUT_reg[6]_i_5/CO[3]
                         net (fo=1, routed)           0.000    35.314    di_ex/B_OUT_reg[6]_i_5_n_0
    SLICE_X33Y27         CARRY4 (Prop_carry4_CI_CO[1])
                                                      0.157    35.471 r  di_ex/B_OUT_reg[6]_i_3__1/CO[1]
                         net (fo=30, routed)          1.738    37.209    di_ex/res10_in[6]
    SLICE_X30Y21         LUT5 (Prop_lut5_I0_O)        0.329    37.538 r  di_ex/res1__728_carry_i_66/O
                         net (fo=1, routed)           0.000    37.538    di_ex/res1__728_carry_i_66_n_0
    SLICE_X30Y21         CARRY4 (Prop_carry4_S[1]_CO[3])
                                                      0.533    38.071 r  di_ex/res1__728_carry_i_52/CO[3]
                         net (fo=1, routed)           0.000    38.071    di_ex/res1__728_carry_i_52_n_0
    SLICE_X30Y22         CARRY4 (Prop_carry4_CI_CO[3])
                                                      0.117    38.188 r  di_ex/res1__728_carry__0_i_21/CO[3]
                         net (fo=1, routed)           0.000    38.188    di_ex/res1__728_carry__0_i_21_n_0
    SLICE_X30Y23         CARRY4 (Prop_carry4_CI_CO[3])
                                                      0.117    38.305 r  di_ex/B_OUT_reg[5]_i_9__0/CO[3]
                         net (fo=1, routed)           0.000    38.305    di_ex/B_OUT_reg[5]_i_9__0_n_0
    SLICE_X30Y24         CARRY4 (Prop_carry4_CI_CO[3])
                                                      0.117    38.422 r  di_ex/B_OUT_reg[5]_i_6/CO[3]
                         net (fo=1, routed)           0.009    38.431    di_ex/B_OUT_reg[5]_i_6_n_0
    SLICE_X30Y25         CARRY4 (Prop_carry4_CI_CO[1])
                                                      0.157    38.588 r  di_ex/B_OUT_reg[5]_i_5/CO[1]
                         net (fo=30, routed)          1.637    40.226    di_ex/res10_in[5]
    SLICE_X28Y22         LUT3 (Prop_lut3_I1_O)        0.332    40.558 r  di_ex/res1__728_carry__0_i_24/O
                         net (fo=1, routed)           0.000    40.558    di_ex/res1__728_carry__0_i_24_n_0
    SLICE_X28Y22         CARRY4 (Prop_carry4_S[1]_CO[3])
                                                      0.550    41.108 r  di_ex/res1__728_carry__0_i_16/CO[3]
                         net (fo=1, routed)           0.000    41.108    di_ex/res1__728_carry__0_i_16_n_0
    SLICE_X28Y23         CARRY4 (Prop_carry4_CI_CO[3])
                                                      0.114    41.222 r  di_ex/B_OUT_reg[4]_i_16__0/CO[3]
                         net (fo=1, routed)           0.000    41.222    di_ex/B_OUT_reg[4]_i_16__0_n_0
    SLICE_X28Y24         CARRY4 (Prop_carry4_CI_CO[3])
                                                      0.114    41.336 r  di_ex/B_OUT_reg[4]_i_13__0/CO[3]
                         net (fo=1, routed)           0.009    41.345    di_ex/B_OUT_reg[4]_i_13__0_n_0
    SLICE_X28Y25         CARRY4 (Prop_carry4_CI_CO[1])
                                                      0.157    41.502 r  di_ex/B_OUT_reg[4]_i_5/CO[1]
                         net (fo=30, routed)          1.568    43.070    di_ex/res10_in[4]
    SLICE_X32Y21         LUT5 (Prop_lut5_I0_O)        0.329    43.399 r  di_ex/res1__728_carry_i_42/O
                         net (fo=1, routed)           0.000    43.399    di_ex/res1__728_carry_i_42_n_0
    SLICE_X32Y21         CARRY4 (Prop_carry4_S[1]_CO[3])
                                                      0.550    43.949 r  di_ex/res1__728_carry_i_25/CO[3]
                         net (fo=1, routed)           0.000    43.949    di_ex/res1__728_carry_i_25_n_0
    SLICE_X32Y22         CARRY4 (Prop_carry4_CI_CO[3])
                                                      0.114    44.063 r  di_ex/res1__728_carry__0_i_11/CO[3]
                         net (fo=1, routed)           0.000    44.063    di_ex/res1__728_carry__0_i_11_n_0
    SLICE_X32Y23         CARRY4 (Prop_carry4_CI_CO[3])
                                                      0.114    44.177 r  di_ex/res1__728_carry_i_47/CO[3]
                         net (fo=1, routed)           0.000    44.177    di_ex/res1__728_carry_i_47_n_0
    SLICE_X32Y24         CARRY4 (Prop_carry4_CI_CO[3])
                                                      0.114    44.291 r  di_ex/res1__728_carry_i_35/CO[3]
                         net (fo=1, routed)           0.009    44.300    di_ex/res1__728_carry_i_35_n_0
    SLICE_X32Y25         CARRY4 (Prop_carry4_CI_CO[1])
                                                      0.157    44.457 r  di_ex/res1__728_carry_i_22/CO[1]
                         net (fo=30, routed)          1.681    46.138    di_ex/res10_in[3]
    SLICE_X35Y19         LUT2 (Prop_lut2_I1_O)        0.355    46.493 r  di_ex/res1__728_carry_i_26/O
                         net (fo=1, routed)           0.336    46.829    di_ex/res1__728_carry_i_26_n_0
    SLICE_X34Y19         CARRY4 (Prop_carry4_DI[1]_CO[3])
                                                      0.728    47.557 r  di_ex/res1__728_carry_i_11/CO[3]
                         net (fo=1, routed)           0.000    47.557    di_ex/res1__728_carry_i_11_n_0
    SLICE_X34Y20         CARRY4 (Prop_carry4_CI_CO[3])
                                                      0.117    47.674 r  di_ex/res1__728_carry__0_i_6/CO[3]
                         net (fo=1, routed)           0.000    47.674    di_ex/res1__728_carry__0_i_6_n_0
    SLICE_X34Y21         CARRY4 (Prop_carry4_CI_CO[3])
                                                      0.117    47.791 r  di_ex/res1__728_carry_i_30/CO[3]
                         net (fo=1, routed)           0.000    47.791    di_ex/res1__728_carry_i_30_n_0
    SLICE_X34Y22         CARRY4 (Prop_carry4_CI_CO[3])
                                                      0.117    47.908 r  di_ex/res1__728_carry_i_21/CO[3]
                         net (fo=1, routed)           0.000    47.908    di_ex/res1__728_carry_i_21_n_0
    SLICE_X34Y23         CARRY4 (Prop_carry4_CI_CO[1])
                                                      0.157    48.065 r  di_ex/res1__728_carry_i_8/CO[1]
                         net (fo=30, routed)          1.456    49.521    di_ex/res10_in[2]
    SLICE_X33Y19         LUT3 (Prop_lut3_I1_O)        0.332    49.853 r  di_ex/res1__728_carry__0_i_9/O
                         net (fo=1, routed)           0.000    49.853    di_ex/res1__728_carry__0_i_9_n_0
    SLICE_X33Y19         CARRY4 (Prop_carry4_S[1]_CO[3])
                                                      0.550    50.403 r  di_ex/res1__728_carry__0_i_1/CO[3]
                         net (fo=1, routed)           0.000    50.403    di_ex/res1__728_carry__0_i_1_n_0
    SLICE_X33Y20         CARRY4 (Prop_carry4_CI_CO[3])
                                                      0.114    50.517 r  di_ex/res1__728_carry__1_i_5/CO[3]
                         net (fo=1, routed)           0.000    50.517    di_ex/res1__728_carry__1_i_5_n_0
    SLICE_X33Y21         CARRY4 (Prop_carry4_CI_CO[3])
                                                      0.114    50.631 r  di_ex/res1__728_carry_i_7/CO[3]
                         net (fo=1, routed)           0.000    50.631    di_ex/res1__728_carry_i_7_n_0
    SLICE_X33Y22         CARRY4 (Prop_carry4_CI_CO[1])
                                                      0.157    50.788 r  di_ex/res1__728_carry_i_1/CO[1]
                         net (fo=29, routed)          1.517    52.305    di_ex/res1__728_carry_i_10_0[0]
    SLICE_X31Y18         LUT5 (Prop_lut5_I3_O)        0.329    52.634 r  di_ex/res1__728_carry_i_5/O
                         net (fo=1, routed)           0.000    52.634    alu/res1__728_carry__0_1[1]
    SLICE_X31Y18         CARRY4 (Prop_carry4_S[1]_CO[3])
                                                      0.550    53.184 r  alu/res1__728_carry/CO[3]
                         net (fo=1, routed)           0.000    53.184    alu/res1__728_carry_n_0
    SLICE_X31Y19         CARRY4 (Prop_carry4_CI_CO[3])
                                                      0.114    53.298 r  alu/res1__728_carry__0/CO[3]
                         net (fo=1, routed)           0.000    53.298    alu/res1__728_carry__0_n_0
    SLICE_X31Y20         CARRY4 (Prop_carry4_CI_CO[3])
                                                      0.114    53.412 r  alu/res1__728_carry__1/CO[3]
                         net (fo=1, routed)           0.000    53.412    alu/res1__728_carry__1_n_0
    SLICE_X31Y21         CARRY4 (Prop_carry4_CI_CO[3])
                                                      0.114    53.526 r  alu/res1__728_carry__2/CO[3]
                         net (fo=1, routed)           0.000    53.526    alu/res1__728_carry__2_n_0
    SLICE_X31Y22         CARRY4 (Prop_carry4_CI_CO[0])
                                                      0.271    53.797 f  alu/res1__728_carry__3/CO[0]
                         net (fo=2, routed)           0.833    54.630    di_ex/B_OUT_reg[0]_i_2__1_0[0]
    SLICE_X29Y22         LUT1 (Prop_lut1_I0_O)        0.373    55.003 r  di_ex/B_OUT[4]_i_8/O
                         net (fo=1, routed)           0.348    55.351    di_ex/B_OUT[4]_i_8_n_0
    SLICE_X31Y23         CARRY4 (Prop_carry4_CYINIT_O[1])
                                                      0.598    55.949 r  di_ex/B_OUT_reg[4]_i_4/O[1]
                         net (fo=1, routed)           1.013    56.962    di_ex/res1[2]
    SLICE_X32Y18         LUT5 (Prop_lut5_I4_O)        0.333    57.295 f  di_ex/B_OUT[2]_i_4__0/O
                         net (fo=1, routed)           0.646    57.941    di_ex/B_OUT[2]_i_4__0_n_0
    SLICE_X32Y16         LUT6 (Prop_lut6_I5_O)        0.327    58.268 f  di_ex/B_OUT[2]_i_3/O
                         net (fo=3, routed)           0.941    59.209    di_ex/B_OUT[2]_i_3_n_0
    SLICE_X35Y19         LUT4 (Prop_lut4_I3_O)        0.124    59.333 r  di_ex/B_OUT[2]_rep_i_1/O
                         net (fo=1, routed)           0.000    59.333    ex_mem/B_OUT_reg[2]_rep_0
    SLICE_X35Y19         FDRE                                         r  ex_mem/B_OUT_reg[2]_rep/D
  -------------------------------------------------------------------    -------------------

                         (clock sysclk_pin rise edge)
                                                   1500.000  1500.000 r  
    W5                                                0.000  1500.000 r  CLK (IN)
                         net (fo=0)                   0.000  1500.000    CLK
    W5                   IBUF (Prop_ibuf_I_O)         1.388  1501.388 r  CLK_IBUF_inst/O
                         net (fo=1, routed)           1.862  1503.250    CLK_IBUF
    BUFGCTRL_X0Y0        BUFG (Prop_bufg_I_O)         0.091  1503.341 r  CLK_IBUF_BUFG_inst/O
                         net (fo=2293, routed)        1.433  1504.774    ex_mem/CLK
    SLICE_X35Y19         FDRE                                         r  ex_mem/B_OUT_reg[2]_rep/C
                         clock pessimism              0.260  1505.034    
                         clock uncertainty           -0.035  1504.999    
    SLICE_X35Y19         FDRE (Setup_fdre_C_D)        0.029  1505.028    ex_mem/B_OUT_reg[2]_rep
  -------------------------------------------------------------------
                         required time                       1505.028    
                         arrival time                         -59.333    
  -------------------------------------------------------------------
                         slack                               1445.695    

Slack (MET) :             1445.835ns  (required time - arrival time)
  Source:                 di_ex/C_OUT_reg[0]/C
                            (rising edge-triggered cell FDRE clocked by sysclk_pin  {rise@0.000ns fall@5.000ns period=1500.000ns})
  Destination:            ex_mem/B_OUT_reg[2]_rep__0/D
                            (rising edge-triggered cell FDRE clocked by sysclk_pin  {rise@0.000ns fall@5.000ns period=1500.000ns})
  Path Group:             sysclk_pin
  Path Type:              Setup (Max at Slow Process Corner)
  Requirement:            1500.000ns  (sysclk_pin rise@1500.000ns - sysclk_pin rise@0.000ns)
  Data Path Delay:        54.131ns  (logic 22.642ns (41.828%)  route 31.489ns (58.172%))
  Logic Levels:           87  (CARRY4=66 LUT1=1 LUT2=7 LUT3=5 LUT4=1 LUT5=5 LUT6=2)
  Clock Path Skew:        -0.030ns (DCD - SCD + CPR)
    Destination Clock Delay (DCD):    4.778ns = ( 1504.778 - 1500.000 ) 
    Source Clock Delay      (SCD):    5.068ns
    Clock Pessimism Removal (CPR):    0.260ns
  Clock Uncertainty:      0.035ns  ((TSJ^2 + TIJ^2)^1/2 + DJ) / 2 + PE
    Total System Jitter     (TSJ):    0.071ns
    Total Input Jitter      (TIJ):    0.000ns
    Discrete Jitter          (DJ):    0.000ns
    Phase Error              (PE):    0.000ns

    Location             Delay type                Incr(ns)  Path(ns)    Netlist Resource(s)
  -------------------------------------------------------------------    -------------------
                         (clock sysclk_pin rise edge)
                                                      0.000     0.000 r  
    W5                                                0.000     0.000 r  CLK (IN)
                         net (fo=0)                   0.000     0.000    CLK
    W5                   IBUF (Prop_ibuf_I_O)         1.458     1.458 r  CLK_IBUF_inst/O
                         net (fo=1, routed)           1.967     3.425    CLK_IBUF
    BUFGCTRL_X0Y0        BUFG (Prop_bufg_I_O)         0.096     3.521 r  CLK_IBUF_BUFG_inst/O
                         net (fo=2293, routed)        1.547     5.068    di_ex/CLK
    SLICE_X35Y27         FDRE                                         r  di_ex/C_OUT_reg[0]/C
  -------------------------------------------------------------------    -------------------
    SLICE_X35Y27         FDRE (Prop_fdre_C_Q)         0.456     5.524 r  di_ex/C_OUT_reg[0]/Q
                         net (fo=89, routed)          2.751     8.275    di_ex/c_di[0]
    SLICE_X32Y20         LUT6 (Prop_lut6_I2_O)        0.124     8.399 f  di_ex/res1_carry__0_i_9/O
                         net (fo=34, routed)          1.455     9.854    di_ex/res1_carry__0_i_9_n_0
    SLICE_X30Y27         LUT3 (Prop_lut3_I0_O)        0.124     9.978 r  di_ex/res1_carry__0_i_5/O
                         net (fo=1, routed)           0.000     9.978    alu/B_OUT[7]_i_143_0[3]
    SLICE_X30Y27         CARRY4 (Prop_carry4_S[3]_CO[3])
                                                      0.376    10.354 r  alu/res1_carry__0/CO[3]
                         net (fo=1, routed)           0.000    10.354    di_ex/CO[0]
    SLICE_X30Y28         CARRY4 (Prop_carry4_CI_CO[0])
                                                      0.254    10.608 r  di_ex/B_OUT_reg[7]_i_146/CO[0]
                         net (fo=12, routed)          1.327    11.935    di_ex/B_OUT_reg[7]_i_146_n_3
    SLICE_X31Y27         LUT3 (Prop_lut3_I1_O)        0.367    12.302 r  di_ex/B_OUT[7]_i_144/O
                         net (fo=1, routed)           0.000    12.302    di_ex/B_OUT[7]_i_144_n_0
    SLICE_X31Y27         CARRY4 (Prop_carry4_S[1]_CO[3])
                                                      0.550    12.852 r  di_ex/B_OUT_reg[7]_i_128/CO[3]
                         net (fo=1, routed)           0.000    12.852    di_ex/B_OUT_reg[7]_i_128_n_0
    SLICE_X31Y28         CARRY4 (Prop_carry4_CI_CO[2])
                                                      0.228    13.080 r  di_ex/B_OUT_reg[7]_i_134/CO[2]
                         net (fo=14, routed)          1.367    14.447    di_ex/B_OUT_reg[7]_i_134_n_1
    SLICE_X38Y25         LUT2 (Prop_lut2_I1_O)        0.313    14.760 r  di_ex/B_OUT[7]_i_138/O
                         net (fo=1, routed)           0.000    14.760    di_ex/B_OUT[7]_i_138_n_0
    SLICE_X38Y25         CARRY4 (Prop_carry4_S[1]_CO[3])
                                                      0.533    15.293 r  di_ex/B_OUT_reg[7]_i_114/CO[3]
                         net (fo=1, routed)           0.000    15.293    di_ex/B_OUT_reg[7]_i_114_n_0
    SLICE_X38Y26         CARRY4 (Prop_carry4_CI_CO[3])
                                                      0.117    15.410 r  di_ex/B_OUT_reg[7]_i_113/CO[3]
                         net (fo=1, routed)           0.000    15.410    di_ex/B_OUT_reg[7]_i_113_n_0
    SLICE_X38Y27         CARRY4 (Prop_carry4_CI_CO[3])
                                                      0.117    15.527 r  di_ex/B_OUT_reg[7]_i_119/CO[3]
                         net (fo=16, routed)          1.503    17.030    di_ex/B_OUT_reg[7]_i_119_n_0
    SLICE_X40Y25         LUT2 (Prop_lut2_I1_O)        0.124    17.154 r  di_ex/B_OUT[7]_i_123/O
                         net (fo=1, routed)           0.000    17.154    di_ex/B_OUT[7]_i_123_n_0
    SLICE_X40Y25         CARRY4 (Prop_carry4_S[1]_CO[3])
                                                      0.550    17.704 r  di_ex/B_OUT_reg[7]_i_99/CO[3]
                         net (fo=1, routed)           0.000    17.704    di_ex/B_OUT_reg[7]_i_99_n_0
    SLICE_X40Y26         CARRY4 (Prop_carry4_CI_CO[3])
                                                      0.114    17.818 r  di_ex/B_OUT_reg[7]_i_98/CO[3]
                         net (fo=1, routed)           0.000    17.818    di_ex/B_OUT_reg[7]_i_98_n_0
    SLICE_X40Y27         CARRY4 (Prop_carry4_CI_CO[3])
                                                      0.114    17.932 r  di_ex/B_OUT_reg[7]_i_112/CO[3]
                         net (fo=1, routed)           0.000    17.932    di_ex/B_OUT_reg[7]_i_112_n_0
    SLICE_X40Y28         CARRY4 (Prop_carry4_CI_CO[0])
                                                      0.271    18.203 r  di_ex/B_OUT_reg[7]_i_96/CO[0]
                         net (fo=18, routed)          1.480    19.683    di_ex/B_OUT_reg[7]_i_96_n_3
    SLICE_X36Y25         LUT2 (Prop_lut2_I1_O)        0.373    20.056 r  di_ex/B_OUT[7]_i_107__0/O
                         net (fo=1, routed)           0.000    20.056    di_ex/B_OUT[7]_i_107__0_n_0
    SLICE_X36Y25         CARRY4 (Prop_carry4_S[1]_CO[3])
                                                      0.550    20.606 r  di_ex/B_OUT_reg[7]_i_82/CO[3]
                         net (fo=1, routed)           0.000    20.606    di_ex/B_OUT_reg[7]_i_82_n_0
    SLICE_X36Y26         CARRY4 (Prop_carry4_CI_CO[3])
                                                      0.114    20.720 r  di_ex/B_OUT_reg[7]_i_81/CO[3]
                         net (fo=1, routed)           0.000    20.720    di_ex/B_OUT_reg[7]_i_81_n_0
    SLICE_X36Y27         CARRY4 (Prop_carry4_CI_CO[3])
                                                      0.114    20.834 r  di_ex/B_OUT_reg[7]_i_95/CO[3]
                         net (fo=1, routed)           0.000    20.834    di_ex/B_OUT_reg[7]_i_95_n_0
    SLICE_X36Y28         CARRY4 (Prop_carry4_CI_CO[1])
                                                      0.157    20.991 r  di_ex/B_OUT_reg[7]_i_78/CO[1]
                         net (fo=20, routed)          1.699    22.690    di_ex/B_OUT_reg[7]_i_78_n_2
    SLICE_X36Y21         LUT2 (Prop_lut2_I1_O)        0.329    23.019 r  di_ex/B_OUT[7]_i_90__0/O
                         net (fo=1, routed)           0.000    23.019    di_ex/B_OUT[7]_i_90__0_n_0
    SLICE_X36Y21         CARRY4 (Prop_carry4_S[1]_CO[3])
                                                      0.550    23.569 r  di_ex/B_OUT_reg[7]_i_64/CO[3]
                         net (fo=1, routed)           0.000    23.569    di_ex/B_OUT_reg[7]_i_64_n_0
    SLICE_X36Y22         CARRY4 (Prop_carry4_CI_CO[3])
                                                      0.114    23.683 r  di_ex/B_OUT_reg[7]_i_63/CO[3]
                         net (fo=1, routed)           0.000    23.683    di_ex/B_OUT_reg[7]_i_63_n_0
    SLICE_X36Y23         CARRY4 (Prop_carry4_CI_CO[3])
                                                      0.114    23.797 r  di_ex/B_OUT_reg[7]_i_77/CO[3]
                         net (fo=1, routed)           0.000    23.797    di_ex/B_OUT_reg[7]_i_77_n_0
    SLICE_X36Y24         CARRY4 (Prop_carry4_CI_CO[2])
                                                      0.228    24.025 r  di_ex/B_OUT_reg[7]_i_51__0/CO[2]
                         net (fo=22, routed)          1.616    25.641    di_ex/B_OUT_reg[7]_i_51__0_n_1
    SLICE_X40Y20         LUT2 (Prop_lut2_I1_O)        0.313    25.954 r  di_ex/B_OUT[7]_i_72__0/O
                         net (fo=1, routed)           0.000    25.954    di_ex/B_OUT[7]_i_72__0_n_0
    SLICE_X40Y20         CARRY4 (Prop_carry4_S[1]_CO[3])
                                                      0.550    26.504 r  di_ex/B_OUT_reg[7]_i_41__0/CO[3]
                         net (fo=1, routed)           0.000    26.504    di_ex/B_OUT_reg[7]_i_41__0_n_0
    SLICE_X40Y21         CARRY4 (Prop_carry4_CI_CO[3])
                                                      0.114    26.618 r  di_ex/B_OUT_reg[7]_i_40__0/CO[3]
                         net (fo=1, routed)           0.000    26.618    di_ex/B_OUT_reg[7]_i_40__0_n_0
    SLICE_X40Y22         CARRY4 (Prop_carry4_CI_CO[3])
                                                      0.114    26.732 r  di_ex/B_OUT_reg[7]_i_50__0/CO[3]
                         net (fo=1, routed)           0.000    26.732    di_ex/B_OUT_reg[7]_i_50__0_n_0
    SLICE_X40Y23         CARRY4 (Prop_carry4_CI_CO[3])
                                                      0.114    26.846 r  di_ex/B_OUT_reg[7]_i_29__0/CO[3]
                         net (fo=24, routed)          1.842    28.688    di_ex/B_OUT_reg[7]_i_29__0_n_0
    SLICE_X38Y20         LUT2 (Prop_lut2_I1_O)        0.124    28.812 r  di_ex/B_OUT[7]_i_62__0/O
                         net (fo=1, routed)           0.000    28.812    di_ex/B_OUT[7]_i_62__0_n_0
    SLICE_X38Y20         CARRY4 (Prop_carry4_S[1]_CO[3])
                                                      0.533    29.345 r  di_ex/B_OUT_reg[7]_i_35__0/CO[3]
                         net (fo=1, routed)           0.000    29.345    di_ex/B_OUT_reg[7]_i_35__0_n_0
    SLICE_X38Y21         CARRY4 (Prop_carry4_CI_CO[3])
                                                      0.117    29.462 r  di_ex/B_OUT_reg[7]_i_23__0/CO[3]
                         net (fo=1, routed)           0.000    29.462    di_ex/B_OUT_reg[7]_i_23__0_n_0
    SLICE_X38Y22         CARRY4 (Prop_carry4_CI_CO[3])
                                                      0.117    29.579 r  di_ex/B_OUT_reg[7]_i_28__0/CO[3]
                         net (fo=1, routed)           0.000    29.579    di_ex/B_OUT_reg[7]_i_28__0_n_0
    SLICE_X38Y23         CARRY4 (Prop_carry4_CI_CO[3])
                                                      0.117    29.696 r  di_ex/B_OUT_reg[7]_i_21__0/CO[3]
                         net (fo=1, routed)           0.000    29.696    di_ex/B_OUT_reg[7]_i_21__0_n_0
    SLICE_X38Y24         CARRY4 (Prop_carry4_CI_CO[0])
                                                      0.254    29.950 r  di_ex/B_OUT_reg[7]_i_14__0/CO[0]
                         net (fo=26, routed)          1.292    31.242    di_ex/B_OUT_reg[7]_i_14__0_n_3
    SLICE_X35Y22         LUT5 (Prop_lut5_I0_O)        0.367    31.609 r  di_ex/B_OUT[7]_i_58__0/O
                         net (fo=1, routed)           0.000    31.609    di_ex/B_OUT[7]_i_58__0_n_0
    SLICE_X35Y22         CARRY4 (Prop_carry4_S[1]_CO[3])
                                                      0.550    32.159 r  di_ex/B_OUT_reg[7]_i_34__0/CO[3]
                         net (fo=1, routed)           0.000    32.159    di_ex/B_OUT_reg[7]_i_34__0_n_0
    SLICE_X35Y23         CARRY4 (Prop_carry4_CI_CO[3])
                                                      0.114    32.273 r  di_ex/B_OUT_reg[7]_i_22__0/CO[3]
                         net (fo=1, routed)           0.000    32.273    di_ex/B_OUT_reg[7]_i_22__0_n_0
    SLICE_X35Y24         CARRY4 (Prop_carry4_CI_CO[3])
                                                      0.114    32.387 r  di_ex/B_OUT_reg[7]_i_16__0/CO[3]
                         net (fo=1, routed)           0.009    32.396    di_ex/B_OUT_reg[7]_i_16__0_n_0
    SLICE_X35Y25         CARRY4 (Prop_carry4_CI_CO[3])
                                                      0.114    32.510 r  di_ex/B_OUT_reg[7]_i_13__0/CO[3]
                         net (fo=1, routed)           0.000    32.510    di_ex/B_OUT_reg[7]_i_13__0_n_0
    SLICE_X35Y26         CARRY4 (Prop_carry4_CI_CO[1])
                                                      0.157    32.667 r  di_ex/B_OUT_reg[7]_i_9__0/CO[1]
                         net (fo=30, routed)          1.531    34.198    di_ex/B_OUT_reg[7]_i_9__0_n_2
    SLICE_X33Y24         LUT3 (Prop_lut3_I1_O)        0.329    34.527 r  di_ex/B_OUT[6]_i_21/O
                         net (fo=1, routed)           0.000    34.527    di_ex/B_OUT[6]_i_21_n_0
    SLICE_X33Y24         CARRY4 (Prop_carry4_S[1]_CO[3])
                                                      0.550    35.077 r  di_ex/B_OUT_reg[6]_i_14__0/CO[3]
                         net (fo=1, routed)           0.009    35.086    di_ex/B_OUT_reg[6]_i_14__0_n_0
    SLICE_X33Y25         CARRY4 (Prop_carry4_CI_CO[3])
                                                      0.114    35.200 r  di_ex/B_OUT_reg[6]_i_9__0/CO[3]
                         net (fo=1, routed)           0.000    35.200    di_ex/B_OUT_reg[6]_i_9__0_n_0
    SLICE_X33Y26         CARRY4 (Prop_carry4_CI_CO[3])
                                                      0.114    35.314 r  di_ex/B_OUT_reg[6]_i_5/CO[3]
                         net (fo=1, routed)           0.000    35.314    di_ex/B_OUT_reg[6]_i_5_n_0
    SLICE_X33Y27         CARRY4 (Prop_carry4_CI_CO[1])
                                                      0.157    35.471 r  di_ex/B_OUT_reg[6]_i_3__1/CO[1]
                         net (fo=30, routed)          1.738    37.209    di_ex/res10_in[6]
    SLICE_X30Y21         LUT5 (Prop_lut5_I0_O)        0.329    37.538 r  di_ex/res1__728_carry_i_66/O
                         net (fo=1, routed)           0.000    37.538    di_ex/res1__728_carry_i_66_n_0
    SLICE_X30Y21         CARRY4 (Prop_carry4_S[1]_CO[3])
                                                      0.533    38.071 r  di_ex/res1__728_carry_i_52/CO[3]
                         net (fo=1, routed)           0.000    38.071    di_ex/res1__728_carry_i_52_n_0
    SLICE_X30Y22         CARRY4 (Prop_carry4_CI_CO[3])
                                                      0.117    38.188 r  di_ex/res1__728_carry__0_i_21/CO[3]
                         net (fo=1, routed)           0.000    38.188    di_ex/res1__728_carry__0_i_21_n_0
    SLICE_X30Y23         CARRY4 (Prop_carry4_CI_CO[3])
                                                      0.117    38.305 r  di_ex/B_OUT_reg[5]_i_9__0/CO[3]
                         net (fo=1, routed)           0.000    38.305    di_ex/B_OUT_reg[5]_i_9__0_n_0
    SLICE_X30Y24         CARRY4 (Prop_carry4_CI_CO[3])
                                                      0.117    38.422 r  di_ex/B_OUT_reg[5]_i_6/CO[3]
                         net (fo=1, routed)           0.009    38.431    di_ex/B_OUT_reg[5]_i_6_n_0
    SLICE_X30Y25         CARRY4 (Prop_carry4_CI_CO[1])
                                                      0.157    38.588 r  di_ex/B_OUT_reg[5]_i_5/CO[1]
                         net (fo=30, routed)          1.637    40.226    di_ex/res10_in[5]
    SLICE_X28Y22         LUT3 (Prop_lut3_I1_O)        0.332    40.558 r  di_ex/res1__728_carry__0_i_24/O
                         net (fo=1, routed)           0.000    40.558    di_ex/res1__728_carry__0_i_24_n_0
    SLICE_X28Y22         CARRY4 (Prop_carry4_S[1]_CO[3])
                                                      0.550    41.108 r  di_ex/res1__728_carry__0_i_16/CO[3]
                         net (fo=1, routed)           0.000    41.108    di_ex/res1__728_carry__0_i_16_n_0
    SLICE_X28Y23         CARRY4 (Prop_carry4_CI_CO[3])
                                                      0.114    41.222 r  di_ex/B_OUT_reg[4]_i_16__0/CO[3]
                         net (fo=1, routed)           0.000    41.222    di_ex/B_OUT_reg[4]_i_16__0_n_0
    SLICE_X28Y24         CARRY4 (Prop_carry4_CI_CO[3])
                                                      0.114    41.336 r  di_ex/B_OUT_reg[4]_i_13__0/CO[3]
                         net (fo=1, routed)           0.009    41.345    di_ex/B_OUT_reg[4]_i_13__0_n_0
    SLICE_X28Y25         CARRY4 (Prop_carry4_CI_CO[1])
                                                      0.157    41.502 r  di_ex/B_OUT_reg[4]_i_5/CO[1]
                         net (fo=30, routed)          1.568    43.070    di_ex/res10_in[4]
    SLICE_X32Y21         LUT5 (Prop_lut5_I0_O)        0.329    43.399 r  di_ex/res1__728_carry_i_42/O
                         net (fo=1, routed)           0.000    43.399    di_ex/res1__728_carry_i_42_n_0
    SLICE_X32Y21         CARRY4 (Prop_carry4_S[1]_CO[3])
                                                      0.550    43.949 r  di_ex/res1__728_carry_i_25/CO[3]
                         net (fo=1, routed)           0.000    43.949    di_ex/res1__728_carry_i_25_n_0
    SLICE_X32Y22         CARRY4 (Prop_carry4_CI_CO[3])
                                                      0.114    44.063 r  di_ex/res1__728_carry__0_i_11/CO[3]
                         net (fo=1, routed)           0.000    44.063    di_ex/res1__728_carry__0_i_11_n_0
    SLICE_X32Y23         CARRY4 (Prop_carry4_CI_CO[3])
                                                      0.114    44.177 r  di_ex/res1__728_carry_i_47/CO[3]
                         net (fo=1, routed)           0.000    44.177    di_ex/res1__728_carry_i_47_n_0
    SLICE_X32Y24         CARRY4 (Prop_carry4_CI_CO[3])
                                                      0.114    44.291 r  di_ex/res1__728_carry_i_35/CO[3]
                         net (fo=1, routed)           0.009    44.300    di_ex/res1__728_carry_i_35_n_0
    SLICE_X32Y25         CARRY4 (Prop_carry4_CI_CO[1])
                                                      0.157    44.457 r  di_ex/res1__728_carry_i_22/CO[1]
                         net (fo=30, routed)          1.681    46.138    di_ex/res10_in[3]
    SLICE_X35Y19         LUT2 (Prop_lut2_I1_O)        0.355    46.493 r  di_ex/res1__728_carry_i_26/O
                         net (fo=1, routed)           0.336    46.829    di_ex/res1__728_carry_i_26_n_0
    SLICE_X34Y19         CARRY4 (Prop_carry4_DI[1]_CO[3])
                                                      0.728    47.557 r  di_ex/res1__728_carry_i_11/CO[3]
                         net (fo=1, routed)           0.000    47.557    di_ex/res1__728_carry_i_11_n_0
    SLICE_X34Y20         CARRY4 (Prop_carry4_CI_CO[3])
                                                      0.117    47.674 r  di_ex/res1__728_carry__0_i_6/CO[3]
                         net (fo=1, routed)           0.000    47.674    di_ex/res1__728_carry__0_i_6_n_0
    SLICE_X34Y21         CARRY4 (Prop_carry4_CI_CO[3])
                                                      0.117    47.791 r  di_ex/res1__728_carry_i_30/CO[3]
                         net (fo=1, routed)           0.000    47.791    di_ex/res1__728_carry_i_30_n_0
    SLICE_X34Y22         CARRY4 (Prop_carry4_CI_CO[3])
                                                      0.117    47.908 r  di_ex/res1__728_carry_i_21/CO[3]
                         net (fo=1, routed)           0.000    47.908    di_ex/res1__728_carry_i_21_n_0
    SLICE_X34Y23         CARRY4 (Prop_carry4_CI_CO[1])
                                                      0.157    48.065 r  di_ex/res1__728_carry_i_8/CO[1]
                         net (fo=30, routed)          1.456    49.521    di_ex/res10_in[2]
    SLICE_X33Y19         LUT3 (Prop_lut3_I1_O)        0.332    49.853 r  di_ex/res1__728_carry__0_i_9/O
                         net (fo=1, routed)           0.000    49.853    di_ex/res1__728_carry__0_i_9_n_0
    SLICE_X33Y19         CARRY4 (Prop_carry4_S[1]_CO[3])
                                                      0.550    50.403 r  di_ex/res1__728_carry__0_i_1/CO[3]
                         net (fo=1, routed)           0.000    50.403    di_ex/res1__728_carry__0_i_1_n_0
    SLICE_X33Y20         CARRY4 (Prop_carry4_CI_CO[3])
                                                      0.114    50.517 r  di_ex/res1__728_carry__1_i_5/CO[3]
                         net (fo=1, routed)           0.000    50.517    di_ex/res1__728_carry__1_i_5_n_0
    SLICE_X33Y21         CARRY4 (Prop_carry4_CI_CO[3])
                                                      0.114    50.631 r  di_ex/res1__728_carry_i_7/CO[3]
                         net (fo=1, routed)           0.000    50.631    di_ex/res1__728_carry_i_7_n_0
    SLICE_X33Y22         CARRY4 (Prop_carry4_CI_CO[1])
                                                      0.157    50.788 r  di_ex/res1__728_carry_i_1/CO[1]
                         net (fo=29, routed)          1.517    52.305    di_ex/res1__728_carry_i_10_0[0]
    SLICE_X31Y18         LUT5 (Prop_lut5_I3_O)        0.329    52.634 r  di_ex/res1__728_carry_i_5/O
                         net (fo=1, routed)           0.000    52.634    alu/res1__728_carry__0_1[1]
    SLICE_X31Y18         CARRY4 (Prop_carry4_S[1]_CO[3])
                                                      0.550    53.184 r  alu/res1__728_carry/CO[3]
                         net (fo=1, routed)           0.000    53.184    alu/res1__728_carry_n_0
    SLICE_X31Y19         CARRY4 (Prop_carry4_CI_CO[3])
                                                      0.114    53.298 r  alu/res1__728_carry__0/CO[3]
                         net (fo=1, routed)           0.000    53.298    alu/res1__728_carry__0_n_0
    SLICE_X31Y20         CARRY4 (Prop_carry4_CI_CO[3])
                                                      0.114    53.412 r  alu/res1__728_carry__1/CO[3]
                         net (fo=1, routed)           0.000    53.412    alu/res1__728_carry__1_n_0
    SLICE_X31Y21         CARRY4 (Prop_carry4_CI_CO[3])
                                                      0.114    53.526 r  alu/res1__728_carry__2/CO[3]
                         net (fo=1, routed)           0.000    53.526    alu/res1__728_carry__2_n_0
    SLICE_X31Y22         CARRY4 (Prop_carry4_CI_CO[0])
                                                      0.271    53.797 f  alu/res1__728_carry__3/CO[0]
                         net (fo=2, routed)           0.833    54.630    di_ex/B_OUT_reg[0]_i_2__1_0[0]
    SLICE_X29Y22         LUT1 (Prop_lut1_I0_O)        0.373    55.003 r  di_ex/B_OUT[4]_i_8/O
                         net (fo=1, routed)           0.348    55.351    di_ex/B_OUT[4]_i_8_n_0
    SLICE_X31Y23         CARRY4 (Prop_carry4_CYINIT_O[1])
                                                      0.598    55.949 r  di_ex/B_OUT_reg[4]_i_4/O[1]
                         net (fo=1, routed)           1.013    56.962    di_ex/res1[2]
    SLICE_X32Y18         LUT5 (Prop_lut5_I4_O)        0.333    57.295 f  di_ex/B_OUT[2]_i_4__0/O
                         net (fo=1, routed)           0.646    57.941    di_ex/B_OUT[2]_i_4__0_n_0
    SLICE_X32Y16         LUT6 (Prop_lut6_I5_O)        0.327    58.268 f  di_ex/B_OUT[2]_i_3/O
                         net (fo=3, routed)           0.807    59.075    di_ex/B_OUT[2]_i_3_n_0
    SLICE_X33Y17         LUT4 (Prop_lut4_I3_O)        0.124    59.199 r  di_ex/B_OUT[2]_rep__0_i_1/O
                         net (fo=1, routed)           0.000    59.199    ex_mem/B_OUT_reg[2]_rep__0_0
    SLICE_X33Y17         FDRE                                         r  ex_mem/B_OUT_reg[2]_rep__0/D
  -------------------------------------------------------------------    -------------------

                         (clock sysclk_pin rise edge)
                                                   1500.000  1500.000 r  
    W5                                                0.000  1500.000 r  CLK (IN)
                         net (fo=0)                   0.000  1500.000    CLK
    W5                   IBUF (Prop_ibuf_I_O)         1.388  1501.388 r  CLK_IBUF_inst/O
                         net (fo=1, routed)           1.862  1503.250    CLK_IBUF
    BUFGCTRL_X0Y0        BUFG (Prop_bufg_I_O)         0.091  1503.341 r  CLK_IBUF_BUFG_inst/O
                         net (fo=2293, routed)        1.437  1504.778    ex_mem/CLK
    SLICE_X33Y17         FDRE                                         r  ex_mem/B_OUT_reg[2]_rep__0/C
                         clock pessimism              0.260  1505.038    
                         clock uncertainty           -0.035  1505.003    
    SLICE_X33Y17         FDRE (Setup_fdre_C_D)        0.031  1505.034    ex_mem/B_OUT_reg[2]_rep__0
  -------------------------------------------------------------------
                         required time                       1505.034    
                         arrival time                         -59.199    
  -------------------------------------------------------------------
                         slack                               1445.835    

Slack (MET) :             1445.890ns  (required time - arrival time)
  Source:                 di_ex/C_OUT_reg[0]/C
                            (rising edge-triggered cell FDRE clocked by sysclk_pin  {rise@0.000ns fall@5.000ns period=1500.000ns})
  Destination:            ex_mem/B_OUT_reg[2]/D
                            (rising edge-triggered cell FDRE clocked by sysclk_pin  {rise@0.000ns fall@5.000ns period=1500.000ns})
  Path Group:             sysclk_pin
  Path Type:              Setup (Max at Slow Process Corner)
  Requirement:            1500.000ns  (sysclk_pin rise@1500.000ns - sysclk_pin rise@0.000ns)
  Data Path Delay:        54.071ns  (logic 22.642ns (41.875%)  route 31.429ns (58.125%))
  Logic Levels:           87  (CARRY4=66 LUT1=1 LUT2=7 LUT3=5 LUT4=1 LUT5=5 LUT6=2)
  Clock Path Skew:        -0.033ns (DCD - SCD + CPR)
    Destination Clock Delay (DCD):    4.775ns = ( 1504.775 - 1500.000 ) 
    Source Clock Delay      (SCD):    5.068ns
    Clock Pessimism Removal (CPR):    0.260ns
  Clock Uncertainty:      0.035ns  ((TSJ^2 + TIJ^2)^1/2 + DJ) / 2 + PE
    Total System Jitter     (TSJ):    0.071ns
    Total Input Jitter      (TIJ):    0.000ns
    Discrete Jitter          (DJ):    0.000ns
    Phase Error              (PE):    0.000ns

    Location             Delay type                Incr(ns)  Path(ns)    Netlist Resource(s)
  -------------------------------------------------------------------    -------------------
                         (clock sysclk_pin rise edge)
                                                      0.000     0.000 r  
    W5                                                0.000     0.000 r  CLK (IN)
                         net (fo=0)                   0.000     0.000    CLK
    W5                   IBUF (Prop_ibuf_I_O)         1.458     1.458 r  CLK_IBUF_inst/O
                         net (fo=1, routed)           1.967     3.425    CLK_IBUF
    BUFGCTRL_X0Y0        BUFG (Prop_bufg_I_O)         0.096     3.521 r  CLK_IBUF_BUFG_inst/O
                         net (fo=2293, routed)        1.547     5.068    di_ex/CLK
    SLICE_X35Y27         FDRE                                         r  di_ex/C_OUT_reg[0]/C
  -------------------------------------------------------------------    -------------------
    SLICE_X35Y27         FDRE (Prop_fdre_C_Q)         0.456     5.524 r  di_ex/C_OUT_reg[0]/Q
                         net (fo=89, routed)          2.751     8.275    di_ex/c_di[0]
    SLICE_X32Y20         LUT6 (Prop_lut6_I2_O)        0.124     8.399 f  di_ex/res1_carry__0_i_9/O
                         net (fo=34, routed)          1.455     9.854    di_ex/res1_carry__0_i_9_n_0
    SLICE_X30Y27         LUT3 (Prop_lut3_I0_O)        0.124     9.978 r  di_ex/res1_carry__0_i_5/O
                         net (fo=1, routed)           0.000     9.978    alu/B_OUT[7]_i_143_0[3]
    SLICE_X30Y27         CARRY4 (Prop_carry4_S[3]_CO[3])
                                                      0.376    10.354 r  alu/res1_carry__0/CO[3]
                         net (fo=1, routed)           0.000    10.354    di_ex/CO[0]
    SLICE_X30Y28         CARRY4 (Prop_carry4_CI_CO[0])
                                                      0.254    10.608 r  di_ex/B_OUT_reg[7]_i_146/CO[0]
                         net (fo=12, routed)          1.327    11.935    di_ex/B_OUT_reg[7]_i_146_n_3
    SLICE_X31Y27         LUT3 (Prop_lut3_I1_O)        0.367    12.302 r  di_ex/B_OUT[7]_i_144/O
                         net (fo=1, routed)           0.000    12.302    di_ex/B_OUT[7]_i_144_n_0
    SLICE_X31Y27         CARRY4 (Prop_carry4_S[1]_CO[3])
                                                      0.550    12.852 r  di_ex/B_OUT_reg[7]_i_128/CO[3]
                         net (fo=1, routed)           0.000    12.852    di_ex/B_OUT_reg[7]_i_128_n_0
    SLICE_X31Y28         CARRY4 (Prop_carry4_CI_CO[2])
                                                      0.228    13.080 r  di_ex/B_OUT_reg[7]_i_134/CO[2]
                         net (fo=14, routed)          1.367    14.447    di_ex/B_OUT_reg[7]_i_134_n_1
    SLICE_X38Y25         LUT2 (Prop_lut2_I1_O)        0.313    14.760 r  di_ex/B_OUT[7]_i_138/O
                         net (fo=1, routed)           0.000    14.760    di_ex/B_OUT[7]_i_138_n_0
    SLICE_X38Y25         CARRY4 (Prop_carry4_S[1]_CO[3])
                                                      0.533    15.293 r  di_ex/B_OUT_reg[7]_i_114/CO[3]
                         net (fo=1, routed)           0.000    15.293    di_ex/B_OUT_reg[7]_i_114_n_0
    SLICE_X38Y26         CARRY4 (Prop_carry4_CI_CO[3])
                                                      0.117    15.410 r  di_ex/B_OUT_reg[7]_i_113/CO[3]
                         net (fo=1, routed)           0.000    15.410    di_ex/B_OUT_reg[7]_i_113_n_0
    SLICE_X38Y27         CARRY4 (Prop_carry4_CI_CO[3])
                                                      0.117    15.527 r  di_ex/B_OUT_reg[7]_i_119/CO[3]
                         net (fo=16, routed)          1.503    17.030    di_ex/B_OUT_reg[7]_i_119_n_0
    SLICE_X40Y25         LUT2 (Prop_lut2_I1_O)        0.124    17.154 r  di_ex/B_OUT[7]_i_123/O
                         net (fo=1, routed)           0.000    17.154    di_ex/B_OUT[7]_i_123_n_0
    SLICE_X40Y25         CARRY4 (Prop_carry4_S[1]_CO[3])
                                                      0.550    17.704 r  di_ex/B_OUT_reg[7]_i_99/CO[3]
                         net (fo=1, routed)           0.000    17.704    di_ex/B_OUT_reg[7]_i_99_n_0
    SLICE_X40Y26         CARRY4 (Prop_carry4_CI_CO[3])
                                                      0.114    17.818 r  di_ex/B_OUT_reg[7]_i_98/CO[3]
                         net (fo=1, routed)           0.000    17.818    di_ex/B_OUT_reg[7]_i_98_n_0
    SLICE_X40Y27         CARRY4 (Prop_carry4_CI_CO[3])
                                                      0.114    17.932 r  di_ex/B_OUT_reg[7]_i_112/CO[3]
                         net (fo=1, routed)           0.000    17.932    di_ex/B_OUT_reg[7]_i_112_n_0
    SLICE_X40Y28         CARRY4 (Prop_carry4_CI_CO[0])
                                                      0.271    18.203 r  di_ex/B_OUT_reg[7]_i_96/CO[0]
                         net (fo=18, routed)          1.480    19.683    di_ex/B_OUT_reg[7]_i_96_n_3
    SLICE_X36Y25         LUT2 (Prop_lut2_I1_O)        0.373    20.056 r  di_ex/B_OUT[7]_i_107__0/O
                         net (fo=1, routed)           0.000    20.056    di_ex/B_OUT[7]_i_107__0_n_0
    SLICE_X36Y25         CARRY4 (Prop_carry4_S[1]_CO[3])
                                                      0.550    20.606 r  di_ex/B_OUT_reg[7]_i_82/CO[3]
                         net (fo=1, routed)           0.000    20.606    di_ex/B_OUT_reg[7]_i_82_n_0
    SLICE_X36Y26         CARRY4 (Prop_carry4_CI_CO[3])
                                                      0.114    20.720 r  di_ex/B_OUT_reg[7]_i_81/CO[3]
                         net (fo=1, routed)           0.000    20.720    di_ex/B_OUT_reg[7]_i_81_n_0
    SLICE_X36Y27         CARRY4 (Prop_carry4_CI_CO[3])
                                                      0.114    20.834 r  di_ex/B_OUT_reg[7]_i_95/CO[3]
                         net (fo=1, routed)           0.000    20.834    di_ex/B_OUT_reg[7]_i_95_n_0
    SLICE_X36Y28         CARRY4 (Prop_carry4_CI_CO[1])
                                                      0.157    20.991 r  di_ex/B_OUT_reg[7]_i_78/CO[1]
                         net (fo=20, routed)          1.699    22.690    di_ex/B_OUT_reg[7]_i_78_n_2
    SLICE_X36Y21         LUT2 (Prop_lut2_I1_O)        0.329    23.019 r  di_ex/B_OUT[7]_i_90__0/O
                         net (fo=1, routed)           0.000    23.019    di_ex/B_OUT[7]_i_90__0_n_0
    SLICE_X36Y21         CARRY4 (Prop_carry4_S[1]_CO[3])
                                                      0.550    23.569 r  di_ex/B_OUT_reg[7]_i_64/CO[3]
                         net (fo=1, routed)           0.000    23.569    di_ex/B_OUT_reg[7]_i_64_n_0
    SLICE_X36Y22         CARRY4 (Prop_carry4_CI_CO[3])
                                                      0.114    23.683 r  di_ex/B_OUT_reg[7]_i_63/CO[3]
                         net (fo=1, routed)           0.000    23.683    di_ex/B_OUT_reg[7]_i_63_n_0
    SLICE_X36Y23         CARRY4 (Prop_carry4_CI_CO[3])
                                                      0.114    23.797 r  di_ex/B_OUT_reg[7]_i_77/CO[3]
                         net (fo=1, routed)           0.000    23.797    di_ex/B_OUT_reg[7]_i_77_n_0
    SLICE_X36Y24         CARRY4 (Prop_carry4_CI_CO[2])
                                                      0.228    24.025 r  di_ex/B_OUT_reg[7]_i_51__0/CO[2]
                         net (fo=22, routed)          1.616    25.641    di_ex/B_OUT_reg[7]_i_51__0_n_1
    SLICE_X40Y20         LUT2 (Prop_lut2_I1_O)        0.313    25.954 r  di_ex/B_OUT[7]_i_72__0/O
                         net (fo=1, routed)           0.000    25.954    di_ex/B_OUT[7]_i_72__0_n_0
    SLICE_X40Y20         CARRY4 (Prop_carry4_S[1]_CO[3])
                                                      0.550    26.504 r  di_ex/B_OUT_reg[7]_i_41__0/CO[3]
                         net (fo=1, routed)           0.000    26.504    di_ex/B_OUT_reg[7]_i_41__0_n_0
    SLICE_X40Y21         CARRY4 (Prop_carry4_CI_CO[3])
                                                      0.114    26.618 r  di_ex/B_OUT_reg[7]_i_40__0/CO[3]
                         net (fo=1, routed)           0.000    26.618    di_ex/B_OUT_reg[7]_i_40__0_n_0
    SLICE_X40Y22         CARRY4 (Prop_carry4_CI_CO[3])
                                                      0.114    26.732 r  di_ex/B_OUT_reg[7]_i_50__0/CO[3]
                         net (fo=1, routed)           0.000    26.732    di_ex/B_OUT_reg[7]_i_50__0_n_0
    SLICE_X40Y23         CARRY4 (Prop_carry4_CI_CO[3])
                                                      0.114    26.846 r  di_ex/B_OUT_reg[7]_i_29__0/CO[3]
                         net (fo=24, routed)          1.842    28.688    di_ex/B_OUT_reg[7]_i_29__0_n_0
    SLICE_X38Y20         LUT2 (Prop_lut2_I1_O)        0.124    28.812 r  di_ex/B_OUT[7]_i_62__0/O
                         net (fo=1, routed)           0.000    28.812    di_ex/B_OUT[7]_i_62__0_n_0
    SLICE_X38Y20         CARRY4 (Prop_carry4_S[1]_CO[3])
                                                      0.533    29.345 r  di_ex/B_OUT_reg[7]_i_35__0/CO[3]
                         net (fo=1, routed)           0.000    29.345    di_ex/B_OUT_reg[7]_i_35__0_n_0
    SLICE_X38Y21         CARRY4 (Prop_carry4_CI_CO[3])
                                                      0.117    29.462 r  di_ex/B_OUT_reg[7]_i_23__0/CO[3]
                         net (fo=1, routed)           0.000    29.462    di_ex/B_OUT_reg[7]_i_23__0_n_0
    SLICE_X38Y22         CARRY4 (Prop_carry4_CI_CO[3])
                                                      0.117    29.579 r  di_ex/B_OUT_reg[7]_i_28__0/CO[3]
                         net (fo=1, routed)           0.000    29.579    di_ex/B_OUT_reg[7]_i_28__0_n_0
    SLICE_X38Y23         CARRY4 (Prop_carry4_CI_CO[3])
                                                      0.117    29.696 r  di_ex/B_OUT_reg[7]_i_21__0/CO[3]
                         net (fo=1, routed)           0.000    29.696    di_ex/B_OUT_reg[7]_i_21__0_n_0
    SLICE_X38Y24         CARRY4 (Prop_carry4_CI_CO[0])
                                                      0.254    29.950 r  di_ex/B_OUT_reg[7]_i_14__0/CO[0]
                         net (fo=26, routed)          1.292    31.242    di_ex/B_OUT_reg[7]_i_14__0_n_3
    SLICE_X35Y22         LUT5 (Prop_lut5_I0_O)        0.367    31.609 r  di_ex/B_OUT[7]_i_58__0/O
                         net (fo=1, routed)           0.000    31.609    di_ex/B_OUT[7]_i_58__0_n_0
    SLICE_X35Y22         CARRY4 (Prop_carry4_S[1]_CO[3])
                                                      0.550    32.159 r  di_ex/B_OUT_reg[7]_i_34__0/CO[3]
                         net (fo=1, routed)           0.000    32.159    di_ex/B_OUT_reg[7]_i_34__0_n_0
    SLICE_X35Y23         CARRY4 (Prop_carry4_CI_CO[3])
                                                      0.114    32.273 r  di_ex/B_OUT_reg[7]_i_22__0/CO[3]
                         net (fo=1, routed)           0.000    32.273    di_ex/B_OUT_reg[7]_i_22__0_n_0
    SLICE_X35Y24         CARRY4 (Prop_carry4_CI_CO[3])
                                                      0.114    32.387 r  di_ex/B_OUT_reg[7]_i_16__0/CO[3]
                         net (fo=1, routed)           0.009    32.396    di_ex/B_OUT_reg[7]_i_16__0_n_0
    SLICE_X35Y25         CARRY4 (Prop_carry4_CI_CO[3])
                                                      0.114    32.510 r  di_ex/B_OUT_reg[7]_i_13__0/CO[3]
                         net (fo=1, routed)           0.000    32.510    di_ex/B_OUT_reg[7]_i_13__0_n_0
    SLICE_X35Y26         CARRY4 (Prop_carry4_CI_CO[1])
                                                      0.157    32.667 r  di_ex/B_OUT_reg[7]_i_9__0/CO[1]
                         net (fo=30, routed)          1.531    34.198    di_ex/B_OUT_reg[7]_i_9__0_n_2
    SLICE_X33Y24         LUT3 (Prop_lut3_I1_O)        0.329    34.527 r  di_ex/B_OUT[6]_i_21/O
                         net (fo=1, routed)           0.000    34.527    di_ex/B_OUT[6]_i_21_n_0
    SLICE_X33Y24         CARRY4 (Prop_carry4_S[1]_CO[3])
                                                      0.550    35.077 r  di_ex/B_OUT_reg[6]_i_14__0/CO[3]
                         net (fo=1, routed)           0.009    35.086    di_ex/B_OUT_reg[6]_i_14__0_n_0
    SLICE_X33Y25         CARRY4 (Prop_carry4_CI_CO[3])
                                                      0.114    35.200 r  di_ex/B_OUT_reg[6]_i_9__0/CO[3]
                         net (fo=1, routed)           0.000    35.200    di_ex/B_OUT_reg[6]_i_9__0_n_0
    SLICE_X33Y26         CARRY4 (Prop_carry4_CI_CO[3])
                                                      0.114    35.314 r  di_ex/B_OUT_reg[6]_i_5/CO[3]
                         net (fo=1, routed)           0.000    35.314    di_ex/B_OUT_reg[6]_i_5_n_0
    SLICE_X33Y27         CARRY4 (Prop_carry4_CI_CO[1])
                                                      0.157    35.471 r  di_ex/B_OUT_reg[6]_i_3__1/CO[1]
                         net (fo=30, routed)          1.738    37.209    di_ex/res10_in[6]
    SLICE_X30Y21         LUT5 (Prop_lut5_I0_O)        0.329    37.538 r  di_ex/res1__728_carry_i_66/O
                         net (fo=1, routed)           0.000    37.538    di_ex/res1__728_carry_i_66_n_0
    SLICE_X30Y21         CARRY4 (Prop_carry4_S[1]_CO[3])
                                                      0.533    38.071 r  di_ex/res1__728_carry_i_52/CO[3]
                         net (fo=1, routed)           0.000    38.071    di_ex/res1__728_carry_i_52_n_0
    SLICE_X30Y22         CARRY4 (Prop_carry4_CI_CO[3])
                                                      0.117    38.188 r  di_ex/res1__728_carry__0_i_21/CO[3]
                         net (fo=1, routed)           0.000    38.188    di_ex/res1__728_carry__0_i_21_n_0
    SLICE_X30Y23         CARRY4 (Prop_carry4_CI_CO[3])
                                                      0.117    38.305 r  di_ex/B_OUT_reg[5]_i_9__0/CO[3]
                         net (fo=1, routed)           0.000    38.305    di_ex/B_OUT_reg[5]_i_9__0_n_0
    SLICE_X30Y24         CARRY4 (Prop_carry4_CI_CO[3])
                                                      0.117    38.422 r  di_ex/B_OUT_reg[5]_i_6/CO[3]
                         net (fo=1, routed)           0.009    38.431    di_ex/B_OUT_reg[5]_i_6_n_0
    SLICE_X30Y25         CARRY4 (Prop_carry4_CI_CO[1])
                                                      0.157    38.588 r  di_ex/B_OUT_reg[5]_i_5/CO[1]
                         net (fo=30, routed)          1.637    40.226    di_ex/res10_in[5]
    SLICE_X28Y22         LUT3 (Prop_lut3_I1_O)        0.332    40.558 r  di_ex/res1__728_carry__0_i_24/O
                         net (fo=1, routed)           0.000    40.558    di_ex/res1__728_carry__0_i_24_n_0
    SLICE_X28Y22         CARRY4 (Prop_carry4_S[1]_CO[3])
                                                      0.550    41.108 r  di_ex/res1__728_carry__0_i_16/CO[3]
                         net (fo=1, routed)           0.000    41.108    di_ex/res1__728_carry__0_i_16_n_0
    SLICE_X28Y23         CARRY4 (Prop_carry4_CI_CO[3])
                                                      0.114    41.222 r  di_ex/B_OUT_reg[4]_i_16__0/CO[3]
                         net (fo=1, routed)           0.000    41.222    di_ex/B_OUT_reg[4]_i_16__0_n_0
    SLICE_X28Y24         CARRY4 (Prop_carry4_CI_CO[3])
                                                      0.114    41.336 r  di_ex/B_OUT_reg[4]_i_13__0/CO[3]
                         net (fo=1, routed)           0.009    41.345    di_ex/B_OUT_reg[4]_i_13__0_n_0
    SLICE_X28Y25         CARRY4 (Prop_carry4_CI_CO[1])
                                                      0.157    41.502 r  di_ex/B_OUT_reg[4]_i_5/CO[1]
                         net (fo=30, routed)          1.568    43.070    di_ex/res10_in[4]
    SLICE_X32Y21         LUT5 (Prop_lut5_I0_O)        0.329    43.399 r  di_ex/res1__728_carry_i_42/O
                         net (fo=1, routed)           0.000    43.399    di_ex/res1__728_carry_i_42_n_0
    SLICE_X32Y21         CARRY4 (Prop_carry4_S[1]_CO[3])
                                                      0.550    43.949 r  di_ex/res1__728_carry_i_25/CO[3]
                         net (fo=1, routed)           0.000    43.949    di_ex/res1__728_carry_i_25_n_0
    SLICE_X32Y22         CARRY4 (Prop_carry4_CI_CO[3])
                                                      0.114    44.063 r  di_ex/res1__728_carry__0_i_11/CO[3]
                         net (fo=1, routed)           0.000    44.063    di_ex/res1__728_carry__0_i_11_n_0
    SLICE_X32Y23         CARRY4 (Prop_carry4_CI_CO[3])
                                                      0.114    44.177 r  di_ex/res1__728_carry_i_47/CO[3]
                         net (fo=1, routed)           0.000    44.177    di_ex/res1__728_carry_i_47_n_0
    SLICE_X32Y24         CARRY4 (Prop_carry4_CI_CO[3])
                                                      0.114    44.291 r  di_ex/res1__728_carry_i_35/CO[3]
                         net (fo=1, routed)           0.009    44.300    di_ex/res1__728_carry_i_35_n_0
    SLICE_X32Y25         CARRY4 (Prop_carry4_CI_CO[1])
                                                      0.157    44.457 r  di_ex/res1__728_carry_i_22/CO[1]
                         net (fo=30, routed)          1.681    46.138    di_ex/res10_in[3]
    SLICE_X35Y19         LUT2 (Prop_lut2_I1_O)        0.355    46.493 r  di_ex/res1__728_carry_i_26/O
                         net (fo=1, routed)           0.336    46.829    di_ex/res1__728_carry_i_26_n_0
    SLICE_X34Y19         CARRY4 (Prop_carry4_DI[1]_CO[3])
                                                      0.728    47.557 r  di_ex/res1__728_carry_i_11/CO[3]
                         net (fo=1, routed)           0.000    47.557    di_ex/res1__728_carry_i_11_n_0
    SLICE_X34Y20         CARRY4 (Prop_carry4_CI_CO[3])
                                                      0.117    47.674 r  di_ex/res1__728_carry__0_i_6/CO[3]
                         net (fo=1, routed)           0.000    47.674    di_ex/res1__728_carry__0_i_6_n_0
    SLICE_X34Y21         CARRY4 (Prop_carry4_CI_CO[3])
                                                      0.117    47.791 r  di_ex/res1__728_carry_i_30/CO[3]
                         net (fo=1, routed)           0.000    47.791    di_ex/res1__728_carry_i_30_n_0
    SLICE_X34Y22         CARRY4 (Prop_carry4_CI_CO[3])
                                                      0.117    47.908 r  di_ex/res1__728_carry_i_21/CO[3]
                         net (fo=1, routed)           0.000    47.908    di_ex/res1__728_carry_i_21_n_0
    SLICE_X34Y23         CARRY4 (Prop_carry4_CI_CO[1])
                                                      0.157    48.065 r  di_ex/res1__728_carry_i_8/CO[1]
                         net (fo=30, routed)          1.456    49.521    di_ex/res10_in[2]
    SLICE_X33Y19         LUT3 (Prop_lut3_I1_O)        0.332    49.853 r  di_ex/res1__728_carry__0_i_9/O
                         net (fo=1, routed)           0.000    49.853    di_ex/res1__728_carry__0_i_9_n_0
    SLICE_X33Y19         CARRY4 (Prop_carry4_S[1]_CO[3])
                                                      0.550    50.403 r  di_ex/res1__728_carry__0_i_1/CO[3]
                         net (fo=1, routed)           0.000    50.403    di_ex/res1__728_carry__0_i_1_n_0
    SLICE_X33Y20         CARRY4 (Prop_carry4_CI_CO[3])
                                                      0.114    50.517 r  di_ex/res1__728_carry__1_i_5/CO[3]
                         net (fo=1, routed)           0.000    50.517    di_ex/res1__728_carry__1_i_5_n_0
    SLICE_X33Y21         CARRY4 (Prop_carry4_CI_CO[3])
                                                      0.114    50.631 r  di_ex/res1__728_carry_i_7/CO[3]
                         net (fo=1, routed)           0.000    50.631    di_ex/res1__728_carry_i_7_n_0
    SLICE_X33Y22         CARRY4 (Prop_carry4_CI_CO[1])
                                                      0.157    50.788 r  di_ex/res1__728_carry_i_1/CO[1]
                         net (fo=29, routed)          1.517    52.305    di_ex/res1__728_carry_i_10_0[0]
    SLICE_X31Y18         LUT5 (Prop_lut5_I3_O)        0.329    52.634 r  di_ex/res1__728_carry_i_5/O
                         net (fo=1, routed)           0.000    52.634    alu/res1__728_carry__0_1[1]
    SLICE_X31Y18         CARRY4 (Prop_carry4_S[1]_CO[3])
                                                      0.550    53.184 r  alu/res1__728_carry/CO[3]
                         net (fo=1, routed)           0.000    53.184    alu/res1__728_carry_n_0
    SLICE_X31Y19         CARRY4 (Prop_carry4_CI_CO[3])
                                                      0.114    53.298 r  alu/res1__728_carry__0/CO[3]
                         net (fo=1, routed)           0.000    53.298    alu/res1__728_carry__0_n_0
    SLICE_X31Y20         CARRY4 (Prop_carry4_CI_CO[3])
                                                      0.114    53.412 r  alu/res1__728_carry__1/CO[3]
                         net (fo=1, routed)           0.000    53.412    alu/res1__728_carry__1_n_0
    SLICE_X31Y21         CARRY4 (Prop_carry4_CI_CO[3])
                                                      0.114    53.526 r  alu/res1__728_carry__2/CO[3]
                         net (fo=1, routed)           0.000    53.526    alu/res1__728_carry__2_n_0
    SLICE_X31Y22         CARRY4 (Prop_carry4_CI_CO[0])
                                                      0.271    53.797 f  alu/res1__728_carry__3/CO[0]
                         net (fo=2, routed)           0.833    54.630    di_ex/B_OUT_reg[0]_i_2__1_0[0]
    SLICE_X29Y22         LUT1 (Prop_lut1_I0_O)        0.373    55.003 r  di_ex/B_OUT[4]_i_8/O
                         net (fo=1, routed)           0.348    55.351    di_ex/B_OUT[4]_i_8_n_0
    SLICE_X31Y23         CARRY4 (Prop_carry4_CYINIT_O[1])
                                                      0.598    55.949 r  di_ex/B_OUT_reg[4]_i_4/O[1]
                         net (fo=1, routed)           1.013    56.962    di_ex/res1[2]
    SLICE_X32Y18         LUT5 (Prop_lut5_I4_O)        0.333    57.295 f  di_ex/B_OUT[2]_i_4__0/O
                         net (fo=1, routed)           0.646    57.941    di_ex/B_OUT[2]_i_4__0_n_0
    SLICE_X32Y16         LUT6 (Prop_lut6_I5_O)        0.327    58.268 f  di_ex/B_OUT[2]_i_3/O
                         net (fo=3, routed)           0.747    59.015    di_ex/B_OUT[2]_i_3_n_0
    SLICE_X32Y19         LUT4 (Prop_lut4_I3_O)        0.124    59.139 r  di_ex/B_OUT[2]_i_1__0/O
                         net (fo=1, routed)           0.000    59.139    ex_mem/B_OUT_reg[7]_1[2]
    SLICE_X32Y19         FDRE                                         r  ex_mem/B_OUT_reg[2]/D
  -------------------------------------------------------------------    -------------------

                         (clock sysclk_pin rise edge)
                                                   1500.000  1500.000 r  
    W5                                                0.000  1500.000 r  CLK (IN)
                         net (fo=0)                   0.000  1500.000    CLK
    W5                   IBUF (Prop_ibuf_I_O)         1.388  1501.388 r  CLK_IBUF_inst/O
                         net (fo=1, routed)           1.862  1503.250    CLK_IBUF
    BUFGCTRL_X0Y0        BUFG (Prop_bufg_I_O)         0.091  1503.341 r  CLK_IBUF_BUFG_inst/O
                         net (fo=2293, routed)        1.434  1504.776    ex_mem/CLK
    SLICE_X32Y19         FDRE                                         r  ex_mem/B_OUT_reg[2]/C
                         clock pessimism              0.260  1505.035    
                         clock uncertainty           -0.035  1505.000    
    SLICE_X32Y19         FDRE (Setup_fdre_C_D)        0.029  1505.029    ex_mem/B_OUT_reg[2]
  -------------------------------------------------------------------
                         required time                       1505.029    
                         arrival time                         -59.139    
  -------------------------------------------------------------------
                         slack                               1445.890    

Slack (MET) :             1446.120ns  (required time - arrival time)
  Source:                 di_ex/C_OUT_reg[0]/C
                            (rising edge-triggered cell FDRE clocked by sysclk_pin  {rise@0.000ns fall@5.000ns period=1500.000ns})
  Destination:            ex_mem/B_OUT_reg[3]_rep__0/D
                            (rising edge-triggered cell FDRE clocked by sysclk_pin  {rise@0.000ns fall@5.000ns period=1500.000ns})
  Path Group:             sysclk_pin
  Path Type:              Setup (Max at Slow Process Corner)
  Requirement:            1500.000ns  (sysclk_pin rise@1500.000ns - sysclk_pin rise@0.000ns)
  Data Path Delay:        53.890ns  (logic 22.394ns (41.555%)  route 31.496ns (58.445%))
  Logic Levels:           87  (CARRY4=66 LUT1=1 LUT2=7 LUT3=5 LUT4=1 LUT5=5 LUT6=2)
  Clock Path Skew:        -0.032ns (DCD - SCD + CPR)
    Destination Clock Delay (DCD):    4.776ns = ( 1504.776 - 1500.000 ) 
    Source Clock Delay      (SCD):    5.068ns
    Clock Pessimism Removal (CPR):    0.260ns
  Clock Uncertainty:      0.035ns  ((TSJ^2 + TIJ^2)^1/2 + DJ) / 2 + PE
    Total System Jitter     (TSJ):    0.071ns
    Total Input Jitter      (TIJ):    0.000ns
    Discrete Jitter          (DJ):    0.000ns
    Phase Error              (PE):    0.000ns

    Location             Delay type                Incr(ns)  Path(ns)    Netlist Resource(s)
  -------------------------------------------------------------------    -------------------
                         (clock sysclk_pin rise edge)
                                                      0.000     0.000 r  
    W5                                                0.000     0.000 r  CLK (IN)
                         net (fo=0)                   0.000     0.000    CLK
    W5                   IBUF (Prop_ibuf_I_O)         1.458     1.458 r  CLK_IBUF_inst/O
                         net (fo=1, routed)           1.967     3.425    CLK_IBUF
    BUFGCTRL_X0Y0        BUFG (Prop_bufg_I_O)         0.096     3.521 r  CLK_IBUF_BUFG_inst/O
                         net (fo=2293, routed)        1.547     5.068    di_ex/CLK
    SLICE_X35Y27         FDRE                                         r  di_ex/C_OUT_reg[0]/C
  -------------------------------------------------------------------    -------------------
    SLICE_X35Y27         FDRE (Prop_fdre_C_Q)         0.456     5.524 r  di_ex/C_OUT_reg[0]/Q
                         net (fo=89, routed)          2.751     8.275    di_ex/c_di[0]
    SLICE_X32Y20         LUT6 (Prop_lut6_I2_O)        0.124     8.399 f  di_ex/res1_carry__0_i_9/O
                         net (fo=34, routed)          1.455     9.854    di_ex/res1_carry__0_i_9_n_0
    SLICE_X30Y27         LUT3 (Prop_lut3_I0_O)        0.124     9.978 r  di_ex/res1_carry__0_i_5/O
                         net (fo=1, routed)           0.000     9.978    alu/B_OUT[7]_i_143_0[3]
    SLICE_X30Y27         CARRY4 (Prop_carry4_S[3]_CO[3])
                                                      0.376    10.354 r  alu/res1_carry__0/CO[3]
                         net (fo=1, routed)           0.000    10.354    di_ex/CO[0]
    SLICE_X30Y28         CARRY4 (Prop_carry4_CI_CO[0])
                                                      0.254    10.608 r  di_ex/B_OUT_reg[7]_i_146/CO[0]
                         net (fo=12, routed)          1.327    11.935    di_ex/B_OUT_reg[7]_i_146_n_3
    SLICE_X31Y27         LUT3 (Prop_lut3_I1_O)        0.367    12.302 r  di_ex/B_OUT[7]_i_144/O
                         net (fo=1, routed)           0.000    12.302    di_ex/B_OUT[7]_i_144_n_0
    SLICE_X31Y27         CARRY4 (Prop_carry4_S[1]_CO[3])
                                                      0.550    12.852 r  di_ex/B_OUT_reg[7]_i_128/CO[3]
                         net (fo=1, routed)           0.000    12.852    di_ex/B_OUT_reg[7]_i_128_n_0
    SLICE_X31Y28         CARRY4 (Prop_carry4_CI_CO[2])
                                                      0.228    13.080 r  di_ex/B_OUT_reg[7]_i_134/CO[2]
                         net (fo=14, routed)          1.367    14.447    di_ex/B_OUT_reg[7]_i_134_n_1
    SLICE_X38Y25         LUT2 (Prop_lut2_I1_O)        0.313    14.760 r  di_ex/B_OUT[7]_i_138/O
                         net (fo=1, routed)           0.000    14.760    di_ex/B_OUT[7]_i_138_n_0
    SLICE_X38Y25         CARRY4 (Prop_carry4_S[1]_CO[3])
                                                      0.533    15.293 r  di_ex/B_OUT_reg[7]_i_114/CO[3]
                         net (fo=1, routed)           0.000    15.293    di_ex/B_OUT_reg[7]_i_114_n_0
    SLICE_X38Y26         CARRY4 (Prop_carry4_CI_CO[3])
                                                      0.117    15.410 r  di_ex/B_OUT_reg[7]_i_113/CO[3]
                         net (fo=1, routed)           0.000    15.410    di_ex/B_OUT_reg[7]_i_113_n_0
    SLICE_X38Y27         CARRY4 (Prop_carry4_CI_CO[3])
                                                      0.117    15.527 r  di_ex/B_OUT_reg[7]_i_119/CO[3]
                         net (fo=16, routed)          1.503    17.030    di_ex/B_OUT_reg[7]_i_119_n_0
    SLICE_X40Y25         LUT2 (Prop_lut2_I1_O)        0.124    17.154 r  di_ex/B_OUT[7]_i_123/O
                         net (fo=1, routed)           0.000    17.154    di_ex/B_OUT[7]_i_123_n_0
    SLICE_X40Y25         CARRY4 (Prop_carry4_S[1]_CO[3])
                                                      0.550    17.704 r  di_ex/B_OUT_reg[7]_i_99/CO[3]
                         net (fo=1, routed)           0.000    17.704    di_ex/B_OUT_reg[7]_i_99_n_0
    SLICE_X40Y26         CARRY4 (Prop_carry4_CI_CO[3])
                                                      0.114    17.818 r  di_ex/B_OUT_reg[7]_i_98/CO[3]
                         net (fo=1, routed)           0.000    17.818    di_ex/B_OUT_reg[7]_i_98_n_0
    SLICE_X40Y27         CARRY4 (Prop_carry4_CI_CO[3])
                                                      0.114    17.932 r  di_ex/B_OUT_reg[7]_i_112/CO[3]
                         net (fo=1, routed)           0.000    17.932    di_ex/B_OUT_reg[7]_i_112_n_0
    SLICE_X40Y28         CARRY4 (Prop_carry4_CI_CO[0])
                                                      0.271    18.203 r  di_ex/B_OUT_reg[7]_i_96/CO[0]
                         net (fo=18, routed)          1.480    19.683    di_ex/B_OUT_reg[7]_i_96_n_3
    SLICE_X36Y25         LUT2 (Prop_lut2_I1_O)        0.373    20.056 r  di_ex/B_OUT[7]_i_107__0/O
                         net (fo=1, routed)           0.000    20.056    di_ex/B_OUT[7]_i_107__0_n_0
    SLICE_X36Y25         CARRY4 (Prop_carry4_S[1]_CO[3])
                                                      0.550    20.606 r  di_ex/B_OUT_reg[7]_i_82/CO[3]
                         net (fo=1, routed)           0.000    20.606    di_ex/B_OUT_reg[7]_i_82_n_0
    SLICE_X36Y26         CARRY4 (Prop_carry4_CI_CO[3])
                                                      0.114    20.720 r  di_ex/B_OUT_reg[7]_i_81/CO[3]
                         net (fo=1, routed)           0.000    20.720    di_ex/B_OUT_reg[7]_i_81_n_0
    SLICE_X36Y27         CARRY4 (Prop_carry4_CI_CO[3])
                                                      0.114    20.834 r  di_ex/B_OUT_reg[7]_i_95/CO[3]
                         net (fo=1, routed)           0.000    20.834    di_ex/B_OUT_reg[7]_i_95_n_0
    SLICE_X36Y28         CARRY4 (Prop_carry4_CI_CO[1])
                                                      0.157    20.991 r  di_ex/B_OUT_reg[7]_i_78/CO[1]
                         net (fo=20, routed)          1.699    22.690    di_ex/B_OUT_reg[7]_i_78_n_2
    SLICE_X36Y21         LUT2 (Prop_lut2_I1_O)        0.329    23.019 r  di_ex/B_OUT[7]_i_90__0/O
                         net (fo=1, routed)           0.000    23.019    di_ex/B_OUT[7]_i_90__0_n_0
    SLICE_X36Y21         CARRY4 (Prop_carry4_S[1]_CO[3])
                                                      0.550    23.569 r  di_ex/B_OUT_reg[7]_i_64/CO[3]
                         net (fo=1, routed)           0.000    23.569    di_ex/B_OUT_reg[7]_i_64_n_0
    SLICE_X36Y22         CARRY4 (Prop_carry4_CI_CO[3])
                                                      0.114    23.683 r  di_ex/B_OUT_reg[7]_i_63/CO[3]
                         net (fo=1, routed)           0.000    23.683    di_ex/B_OUT_reg[7]_i_63_n_0
    SLICE_X36Y23         CARRY4 (Prop_carry4_CI_CO[3])
                                                      0.114    23.797 r  di_ex/B_OUT_reg[7]_i_77/CO[3]
                         net (fo=1, routed)           0.000    23.797    di_ex/B_OUT_reg[7]_i_77_n_0
    SLICE_X36Y24         CARRY4 (Prop_carry4_CI_CO[2])
                                                      0.228    24.025 r  di_ex/B_OUT_reg[7]_i_51__0/CO[2]
                         net (fo=22, routed)          1.616    25.641    di_ex/B_OUT_reg[7]_i_51__0_n_1
    SLICE_X40Y20         LUT2 (Prop_lut2_I1_O)        0.313    25.954 r  di_ex/B_OUT[7]_i_72__0/O
                         net (fo=1, routed)           0.000    25.954    di_ex/B_OUT[7]_i_72__0_n_0
    SLICE_X40Y20         CARRY4 (Prop_carry4_S[1]_CO[3])
                                                      0.550    26.504 r  di_ex/B_OUT_reg[7]_i_41__0/CO[3]
                         net (fo=1, routed)           0.000    26.504    di_ex/B_OUT_reg[7]_i_41__0_n_0
    SLICE_X40Y21         CARRY4 (Prop_carry4_CI_CO[3])
                                                      0.114    26.618 r  di_ex/B_OUT_reg[7]_i_40__0/CO[3]
                         net (fo=1, routed)           0.000    26.618    di_ex/B_OUT_reg[7]_i_40__0_n_0
    SLICE_X40Y22         CARRY4 (Prop_carry4_CI_CO[3])
                                                      0.114    26.732 r  di_ex/B_OUT_reg[7]_i_50__0/CO[3]
                         net (fo=1, routed)           0.000    26.732    di_ex/B_OUT_reg[7]_i_50__0_n_0
    SLICE_X40Y23         CARRY4 (Prop_carry4_CI_CO[3])
                                                      0.114    26.846 r  di_ex/B_OUT_reg[7]_i_29__0/CO[3]
                         net (fo=24, routed)          1.842    28.688    di_ex/B_OUT_reg[7]_i_29__0_n_0
    SLICE_X38Y20         LUT2 (Prop_lut2_I1_O)        0.124    28.812 r  di_ex/B_OUT[7]_i_62__0/O
                         net (fo=1, routed)           0.000    28.812    di_ex/B_OUT[7]_i_62__0_n_0
    SLICE_X38Y20         CARRY4 (Prop_carry4_S[1]_CO[3])
                                                      0.533    29.345 r  di_ex/B_OUT_reg[7]_i_35__0/CO[3]
                         net (fo=1, routed)           0.000    29.345    di_ex/B_OUT_reg[7]_i_35__0_n_0
    SLICE_X38Y21         CARRY4 (Prop_carry4_CI_CO[3])
                                                      0.117    29.462 r  di_ex/B_OUT_reg[7]_i_23__0/CO[3]
                         net (fo=1, routed)           0.000    29.462    di_ex/B_OUT_reg[7]_i_23__0_n_0
    SLICE_X38Y22         CARRY4 (Prop_carry4_CI_CO[3])
                                                      0.117    29.579 r  di_ex/B_OUT_reg[7]_i_28__0/CO[3]
                         net (fo=1, routed)           0.000    29.579    di_ex/B_OUT_reg[7]_i_28__0_n_0
    SLICE_X38Y23         CARRY4 (Prop_carry4_CI_CO[3])
                                                      0.117    29.696 r  di_ex/B_OUT_reg[7]_i_21__0/CO[3]
                         net (fo=1, routed)           0.000    29.696    di_ex/B_OUT_reg[7]_i_21__0_n_0
    SLICE_X38Y24         CARRY4 (Prop_carry4_CI_CO[0])
                                                      0.254    29.950 r  di_ex/B_OUT_reg[7]_i_14__0/CO[0]
                         net (fo=26, routed)          1.292    31.242    di_ex/B_OUT_reg[7]_i_14__0_n_3
    SLICE_X35Y22         LUT5 (Prop_lut5_I0_O)        0.367    31.609 r  di_ex/B_OUT[7]_i_58__0/O
                         net (fo=1, routed)           0.000    31.609    di_ex/B_OUT[7]_i_58__0_n_0
    SLICE_X35Y22         CARRY4 (Prop_carry4_S[1]_CO[3])
                                                      0.550    32.159 r  di_ex/B_OUT_reg[7]_i_34__0/CO[3]
                         net (fo=1, routed)           0.000    32.159    di_ex/B_OUT_reg[7]_i_34__0_n_0
    SLICE_X35Y23         CARRY4 (Prop_carry4_CI_CO[3])
                                                      0.114    32.273 r  di_ex/B_OUT_reg[7]_i_22__0/CO[3]
                         net (fo=1, routed)           0.000    32.273    di_ex/B_OUT_reg[7]_i_22__0_n_0
    SLICE_X35Y24         CARRY4 (Prop_carry4_CI_CO[3])
                                                      0.114    32.387 r  di_ex/B_OUT_reg[7]_i_16__0/CO[3]
                         net (fo=1, routed)           0.009    32.396    di_ex/B_OUT_reg[7]_i_16__0_n_0
    SLICE_X35Y25         CARRY4 (Prop_carry4_CI_CO[3])
                                                      0.114    32.510 r  di_ex/B_OUT_reg[7]_i_13__0/CO[3]
                         net (fo=1, routed)           0.000    32.510    di_ex/B_OUT_reg[7]_i_13__0_n_0
    SLICE_X35Y26         CARRY4 (Prop_carry4_CI_CO[1])
                                                      0.157    32.667 r  di_ex/B_OUT_reg[7]_i_9__0/CO[1]
                         net (fo=30, routed)          1.531    34.198    di_ex/B_OUT_reg[7]_i_9__0_n_2
    SLICE_X33Y24         LUT3 (Prop_lut3_I1_O)        0.329    34.527 r  di_ex/B_OUT[6]_i_21/O
                         net (fo=1, routed)           0.000    34.527    di_ex/B_OUT[6]_i_21_n_0
    SLICE_X33Y24         CARRY4 (Prop_carry4_S[1]_CO[3])
                                                      0.550    35.077 r  di_ex/B_OUT_reg[6]_i_14__0/CO[3]
                         net (fo=1, routed)           0.009    35.086    di_ex/B_OUT_reg[6]_i_14__0_n_0
    SLICE_X33Y25         CARRY4 (Prop_carry4_CI_CO[3])
                                                      0.114    35.200 r  di_ex/B_OUT_reg[6]_i_9__0/CO[3]
                         net (fo=1, routed)           0.000    35.200    di_ex/B_OUT_reg[6]_i_9__0_n_0
    SLICE_X33Y26         CARRY4 (Prop_carry4_CI_CO[3])
                                                      0.114    35.314 r  di_ex/B_OUT_reg[6]_i_5/CO[3]
                         net (fo=1, routed)           0.000    35.314    di_ex/B_OUT_reg[6]_i_5_n_0
    SLICE_X33Y27         CARRY4 (Prop_carry4_CI_CO[1])
                                                      0.157    35.471 r  di_ex/B_OUT_reg[6]_i_3__1/CO[1]
                         net (fo=30, routed)          1.738    37.209    di_ex/res10_in[6]
    SLICE_X30Y21         LUT5 (Prop_lut5_I0_O)        0.329    37.538 r  di_ex/res1__728_carry_i_66/O
                         net (fo=1, routed)           0.000    37.538    di_ex/res1__728_carry_i_66_n_0
    SLICE_X30Y21         CARRY4 (Prop_carry4_S[1]_CO[3])
                                                      0.533    38.071 r  di_ex/res1__728_carry_i_52/CO[3]
                         net (fo=1, routed)           0.000    38.071    di_ex/res1__728_carry_i_52_n_0
    SLICE_X30Y22         CARRY4 (Prop_carry4_CI_CO[3])
                                                      0.117    38.188 r  di_ex/res1__728_carry__0_i_21/CO[3]
                         net (fo=1, routed)           0.000    38.188    di_ex/res1__728_carry__0_i_21_n_0
    SLICE_X30Y23         CARRY4 (Prop_carry4_CI_CO[3])
                                                      0.117    38.305 r  di_ex/B_OUT_reg[5]_i_9__0/CO[3]
                         net (fo=1, routed)           0.000    38.305    di_ex/B_OUT_reg[5]_i_9__0_n_0
    SLICE_X30Y24         CARRY4 (Prop_carry4_CI_CO[3])
                                                      0.117    38.422 r  di_ex/B_OUT_reg[5]_i_6/CO[3]
                         net (fo=1, routed)           0.009    38.431    di_ex/B_OUT_reg[5]_i_6_n_0
    SLICE_X30Y25         CARRY4 (Prop_carry4_CI_CO[1])
                                                      0.157    38.588 r  di_ex/B_OUT_reg[5]_i_5/CO[1]
                         net (fo=30, routed)          1.637    40.226    di_ex/res10_in[5]
    SLICE_X28Y22         LUT3 (Prop_lut3_I1_O)        0.332    40.558 r  di_ex/res1__728_carry__0_i_24/O
                         net (fo=1, routed)           0.000    40.558    di_ex/res1__728_carry__0_i_24_n_0
    SLICE_X28Y22         CARRY4 (Prop_carry4_S[1]_CO[3])
                                                      0.550    41.108 r  di_ex/res1__728_carry__0_i_16/CO[3]
                         net (fo=1, routed)           0.000    41.108    di_ex/res1__728_carry__0_i_16_n_0
    SLICE_X28Y23         CARRY4 (Prop_carry4_CI_CO[3])
                                                      0.114    41.222 r  di_ex/B_OUT_reg[4]_i_16__0/CO[3]
                         net (fo=1, routed)           0.000    41.222    di_ex/B_OUT_reg[4]_i_16__0_n_0
    SLICE_X28Y24         CARRY4 (Prop_carry4_CI_CO[3])
                                                      0.114    41.336 r  di_ex/B_OUT_reg[4]_i_13__0/CO[3]
                         net (fo=1, routed)           0.009    41.345    di_ex/B_OUT_reg[4]_i_13__0_n_0
    SLICE_X28Y25         CARRY4 (Prop_carry4_CI_CO[1])
                                                      0.157    41.502 r  di_ex/B_OUT_reg[4]_i_5/CO[1]
                         net (fo=30, routed)          1.568    43.070    di_ex/res10_in[4]
    SLICE_X32Y21         LUT5 (Prop_lut5_I0_O)        0.329    43.399 r  di_ex/res1__728_carry_i_42/O
                         net (fo=1, routed)           0.000    43.399    di_ex/res1__728_carry_i_42_n_0
    SLICE_X32Y21         CARRY4 (Prop_carry4_S[1]_CO[3])
                                                      0.550    43.949 r  di_ex/res1__728_carry_i_25/CO[3]
                         net (fo=1, routed)           0.000    43.949    di_ex/res1__728_carry_i_25_n_0
    SLICE_X32Y22         CARRY4 (Prop_carry4_CI_CO[3])
                                                      0.114    44.063 r  di_ex/res1__728_carry__0_i_11/CO[3]
                         net (fo=1, routed)           0.000    44.063    di_ex/res1__728_carry__0_i_11_n_0
    SLICE_X32Y23         CARRY4 (Prop_carry4_CI_CO[3])
                                                      0.114    44.177 r  di_ex/res1__728_carry_i_47/CO[3]
                         net (fo=1, routed)           0.000    44.177    di_ex/res1__728_carry_i_47_n_0
    SLICE_X32Y24         CARRY4 (Prop_carry4_CI_CO[3])
                                                      0.114    44.291 r  di_ex/res1__728_carry_i_35/CO[3]
                         net (fo=1, routed)           0.009    44.300    di_ex/res1__728_carry_i_35_n_0
    SLICE_X32Y25         CARRY4 (Prop_carry4_CI_CO[1])
                                                      0.157    44.457 r  di_ex/res1__728_carry_i_22/CO[1]
                         net (fo=30, routed)          1.681    46.138    di_ex/res10_in[3]
    SLICE_X35Y19         LUT2 (Prop_lut2_I1_O)        0.355    46.493 r  di_ex/res1__728_carry_i_26/O
                         net (fo=1, routed)           0.336    46.829    di_ex/res1__728_carry_i_26_n_0
    SLICE_X34Y19         CARRY4 (Prop_carry4_DI[1]_CO[3])
                                                      0.728    47.557 r  di_ex/res1__728_carry_i_11/CO[3]
                         net (fo=1, routed)           0.000    47.557    di_ex/res1__728_carry_i_11_n_0
    SLICE_X34Y20         CARRY4 (Prop_carry4_CI_CO[3])
                                                      0.117    47.674 r  di_ex/res1__728_carry__0_i_6/CO[3]
                         net (fo=1, routed)           0.000    47.674    di_ex/res1__728_carry__0_i_6_n_0
    SLICE_X34Y21         CARRY4 (Prop_carry4_CI_CO[3])
                                                      0.117    47.791 r  di_ex/res1__728_carry_i_30/CO[3]
                         net (fo=1, routed)           0.000    47.791    di_ex/res1__728_carry_i_30_n_0
    SLICE_X34Y22         CARRY4 (Prop_carry4_CI_CO[3])
                                                      0.117    47.908 r  di_ex/res1__728_carry_i_21/CO[3]
                         net (fo=1, routed)           0.000    47.908    di_ex/res1__728_carry_i_21_n_0
    SLICE_X34Y23         CARRY4 (Prop_carry4_CI_CO[1])
                                                      0.157    48.065 r  di_ex/res1__728_carry_i_8/CO[1]
                         net (fo=30, routed)          1.456    49.521    di_ex/res10_in[2]
    SLICE_X33Y19         LUT3 (Prop_lut3_I1_O)        0.332    49.853 r  di_ex/res1__728_carry__0_i_9/O
                         net (fo=1, routed)           0.000    49.853    di_ex/res1__728_carry__0_i_9_n_0
    SLICE_X33Y19         CARRY4 (Prop_carry4_S[1]_CO[3])
                                                      0.550    50.403 r  di_ex/res1__728_carry__0_i_1/CO[3]
                         net (fo=1, routed)           0.000    50.403    di_ex/res1__728_carry__0_i_1_n_0
    SLICE_X33Y20         CARRY4 (Prop_carry4_CI_CO[3])
                                                      0.114    50.517 r  di_ex/res1__728_carry__1_i_5/CO[3]
                         net (fo=1, routed)           0.000    50.517    di_ex/res1__728_carry__1_i_5_n_0
    SLICE_X33Y21         CARRY4 (Prop_carry4_CI_CO[3])
                                                      0.114    50.631 r  di_ex/res1__728_carry_i_7/CO[3]
                         net (fo=1, routed)           0.000    50.631    di_ex/res1__728_carry_i_7_n_0
    SLICE_X33Y22         CARRY4 (Prop_carry4_CI_CO[1])
                                                      0.157    50.788 r  di_ex/res1__728_carry_i_1/CO[1]
                         net (fo=29, routed)          1.517    52.305    di_ex/res1__728_carry_i_10_0[0]
    SLICE_X31Y18         LUT5 (Prop_lut5_I3_O)        0.329    52.634 r  di_ex/res1__728_carry_i_5/O
                         net (fo=1, routed)           0.000    52.634    alu/res1__728_carry__0_1[1]
    SLICE_X31Y18         CARRY4 (Prop_carry4_S[1]_CO[3])
                                                      0.550    53.184 r  alu/res1__728_carry/CO[3]
                         net (fo=1, routed)           0.000    53.184    alu/res1__728_carry_n_0
    SLICE_X31Y19         CARRY4 (Prop_carry4_CI_CO[3])
                                                      0.114    53.298 r  alu/res1__728_carry__0/CO[3]
                         net (fo=1, routed)           0.000    53.298    alu/res1__728_carry__0_n_0
    SLICE_X31Y20         CARRY4 (Prop_carry4_CI_CO[3])
                                                      0.114    53.412 r  alu/res1__728_carry__1/CO[3]
                         net (fo=1, routed)           0.000    53.412    alu/res1__728_carry__1_n_0
    SLICE_X31Y21         CARRY4 (Prop_carry4_CI_CO[3])
                                                      0.114    53.526 r  alu/res1__728_carry__2/CO[3]
                         net (fo=1, routed)           0.000    53.526    alu/res1__728_carry__2_n_0
    SLICE_X31Y22         CARRY4 (Prop_carry4_CI_CO[0])
                                                      0.271    53.797 f  alu/res1__728_carry__3/CO[0]
                         net (fo=2, routed)           0.833    54.630    di_ex/B_OUT_reg[0]_i_2__1_0[0]
    SLICE_X29Y22         LUT1 (Prop_lut1_I0_O)        0.373    55.003 r  di_ex/B_OUT[4]_i_8/O
                         net (fo=1, routed)           0.348    55.351    di_ex/B_OUT[4]_i_8_n_0
    SLICE_X31Y23         CARRY4 (Prop_carry4_CYINIT_O[2])
                                                      0.584    55.935 r  di_ex/B_OUT_reg[4]_i_4/O[2]
                         net (fo=1, routed)           0.981    56.916    di_ex/res1[3]
    SLICE_X30Y19         LUT5 (Prop_lut5_I4_O)        0.302    57.218 f  di_ex/B_OUT[3]_i_5__1/O
                         net (fo=1, routed)           0.670    57.888    di_ex/B_OUT[3]_i_5__1_n_0
    SLICE_X30Y19         LUT6 (Prop_lut6_I5_O)        0.124    58.012 f  di_ex/B_OUT[3]_i_3/O
                         net (fo=3, routed)           0.822    58.834    di_ex/B_OUT[3]_i_3_n_0
    SLICE_X30Y18         LUT4 (Prop_lut4_I3_O)        0.124    58.958 r  di_ex/B_OUT[3]_rep__0_i_1/O
                         net (fo=1, routed)           0.000    58.958    ex_mem/B_OUT_reg[3]_rep__0_1
    SLICE_X30Y18         FDRE                                         r  ex_mem/B_OUT_reg[3]_rep__0/D
  -------------------------------------------------------------------    -------------------

                         (clock sysclk_pin rise edge)
                                                   1500.000  1500.000 r  
    W5                                                0.000  1500.000 r  CLK (IN)
                         net (fo=0)                   0.000  1500.000    CLK
    W5                   IBUF (Prop_ibuf_I_O)         1.388  1501.388 r  CLK_IBUF_inst/O
                         net (fo=1, routed)           1.862  1503.250    CLK_IBUF
    BUFGCTRL_X0Y0        BUFG (Prop_bufg_I_O)         0.091  1503.341 r  CLK_IBUF_BUFG_inst/O
                         net (fo=2293, routed)        1.435  1504.776    ex_mem/CLK
    SLICE_X30Y18         FDRE                                         r  ex_mem/B_OUT_reg[3]_rep__0/C
                         clock pessimism              0.260  1505.036    
                         clock uncertainty           -0.035  1505.001    
    SLICE_X30Y18         FDRE (Setup_fdre_C_D)        0.077  1505.078    ex_mem/B_OUT_reg[3]_rep__0
  -------------------------------------------------------------------
                         required time                       1505.078    
                         arrival time                         -58.958    
  -------------------------------------------------------------------
                         slack                               1446.120    

Slack (MET) :             1446.132ns  (required time - arrival time)
  Source:                 di_ex/C_OUT_reg[0]/C
                            (rising edge-triggered cell FDRE clocked by sysclk_pin  {rise@0.000ns fall@5.000ns period=1500.000ns})
  Destination:            ex_mem/B_OUT_reg[3]_rep/D
                            (rising edge-triggered cell FDRE clocked by sysclk_pin  {rise@0.000ns fall@5.000ns period=1500.000ns})
  Path Group:             sysclk_pin
  Path Type:              Setup (Max at Slow Process Corner)
  Requirement:            1500.000ns  (sysclk_pin rise@1500.000ns - sysclk_pin rise@0.000ns)
  Data Path Delay:        53.882ns  (logic 22.394ns (41.561%)  route 31.488ns (58.439%))
  Logic Levels:           87  (CARRY4=66 LUT1=1 LUT2=7 LUT3=5 LUT4=1 LUT5=5 LUT6=2)
  Clock Path Skew:        -0.032ns (DCD - SCD + CPR)
    Destination Clock Delay (DCD):    4.776ns = ( 1504.776 - 1500.000 ) 
    Source Clock Delay      (SCD):    5.068ns
    Clock Pessimism Removal (CPR):    0.260ns
  Clock Uncertainty:      0.035ns  ((TSJ^2 + TIJ^2)^1/2 + DJ) / 2 + PE
    Total System Jitter     (TSJ):    0.071ns
    Total Input Jitter      (TIJ):    0.000ns
    Discrete Jitter          (DJ):    0.000ns
    Phase Error              (PE):    0.000ns

    Location             Delay type                Incr(ns)  Path(ns)    Netlist Resource(s)
  -------------------------------------------------------------------    -------------------
                         (clock sysclk_pin rise edge)
                                                      0.000     0.000 r  
    W5                                                0.000     0.000 r  CLK (IN)
                         net (fo=0)                   0.000     0.000    CLK
    W5                   IBUF (Prop_ibuf_I_O)         1.458     1.458 r  CLK_IBUF_inst/O
                         net (fo=1, routed)           1.967     3.425    CLK_IBUF
    BUFGCTRL_X0Y0        BUFG (Prop_bufg_I_O)         0.096     3.521 r  CLK_IBUF_BUFG_inst/O
                         net (fo=2293, routed)        1.547     5.068    di_ex/CLK
    SLICE_X35Y27         FDRE                                         r  di_ex/C_OUT_reg[0]/C
  -------------------------------------------------------------------    -------------------
    SLICE_X35Y27         FDRE (Prop_fdre_C_Q)         0.456     5.524 r  di_ex/C_OUT_reg[0]/Q
                         net (fo=89, routed)          2.751     8.275    di_ex/c_di[0]
    SLICE_X32Y20         LUT6 (Prop_lut6_I2_O)        0.124     8.399 f  di_ex/res1_carry__0_i_9/O
                         net (fo=34, routed)          1.455     9.854    di_ex/res1_carry__0_i_9_n_0
    SLICE_X30Y27         LUT3 (Prop_lut3_I0_O)        0.124     9.978 r  di_ex/res1_carry__0_i_5/O
                         net (fo=1, routed)           0.000     9.978    alu/B_OUT[7]_i_143_0[3]
    SLICE_X30Y27         CARRY4 (Prop_carry4_S[3]_CO[3])
                                                      0.376    10.354 r  alu/res1_carry__0/CO[3]
                         net (fo=1, routed)           0.000    10.354    di_ex/CO[0]
    SLICE_X30Y28         CARRY4 (Prop_carry4_CI_CO[0])
                                                      0.254    10.608 r  di_ex/B_OUT_reg[7]_i_146/CO[0]
                         net (fo=12, routed)          1.327    11.935    di_ex/B_OUT_reg[7]_i_146_n_3
    SLICE_X31Y27         LUT3 (Prop_lut3_I1_O)        0.367    12.302 r  di_ex/B_OUT[7]_i_144/O
                         net (fo=1, routed)           0.000    12.302    di_ex/B_OUT[7]_i_144_n_0
    SLICE_X31Y27         CARRY4 (Prop_carry4_S[1]_CO[3])
                                                      0.550    12.852 r  di_ex/B_OUT_reg[7]_i_128/CO[3]
                         net (fo=1, routed)           0.000    12.852    di_ex/B_OUT_reg[7]_i_128_n_0
    SLICE_X31Y28         CARRY4 (Prop_carry4_CI_CO[2])
                                                      0.228    13.080 r  di_ex/B_OUT_reg[7]_i_134/CO[2]
                         net (fo=14, routed)          1.367    14.447    di_ex/B_OUT_reg[7]_i_134_n_1
    SLICE_X38Y25         LUT2 (Prop_lut2_I1_O)        0.313    14.760 r  di_ex/B_OUT[7]_i_138/O
                         net (fo=1, routed)           0.000    14.760    di_ex/B_OUT[7]_i_138_n_0
    SLICE_X38Y25         CARRY4 (Prop_carry4_S[1]_CO[3])
                                                      0.533    15.293 r  di_ex/B_OUT_reg[7]_i_114/CO[3]
                         net (fo=1, routed)           0.000    15.293    di_ex/B_OUT_reg[7]_i_114_n_0
    SLICE_X38Y26         CARRY4 (Prop_carry4_CI_CO[3])
                                                      0.117    15.410 r  di_ex/B_OUT_reg[7]_i_113/CO[3]
                         net (fo=1, routed)           0.000    15.410    di_ex/B_OUT_reg[7]_i_113_n_0
    SLICE_X38Y27         CARRY4 (Prop_carry4_CI_CO[3])
                                                      0.117    15.527 r  di_ex/B_OUT_reg[7]_i_119/CO[3]
                         net (fo=16, routed)          1.503    17.030    di_ex/B_OUT_reg[7]_i_119_n_0
    SLICE_X40Y25         LUT2 (Prop_lut2_I1_O)        0.124    17.154 r  di_ex/B_OUT[7]_i_123/O
                         net (fo=1, routed)           0.000    17.154    di_ex/B_OUT[7]_i_123_n_0
    SLICE_X40Y25         CARRY4 (Prop_carry4_S[1]_CO[3])
                                                      0.550    17.704 r  di_ex/B_OUT_reg[7]_i_99/CO[3]
                         net (fo=1, routed)           0.000    17.704    di_ex/B_OUT_reg[7]_i_99_n_0
    SLICE_X40Y26         CARRY4 (Prop_carry4_CI_CO[3])
                                                      0.114    17.818 r  di_ex/B_OUT_reg[7]_i_98/CO[3]
                         net (fo=1, routed)           0.000    17.818    di_ex/B_OUT_reg[7]_i_98_n_0
    SLICE_X40Y27         CARRY4 (Prop_carry4_CI_CO[3])
                                                      0.114    17.932 r  di_ex/B_OUT_reg[7]_i_112/CO[3]
                         net (fo=1, routed)           0.000    17.932    di_ex/B_OUT_reg[7]_i_112_n_0
    SLICE_X40Y28         CARRY4 (Prop_carry4_CI_CO[0])
                                                      0.271    18.203 r  di_ex/B_OUT_reg[7]_i_96/CO[0]
                         net (fo=18, routed)          1.480    19.683    di_ex/B_OUT_reg[7]_i_96_n_3
    SLICE_X36Y25         LUT2 (Prop_lut2_I1_O)        0.373    20.056 r  di_ex/B_OUT[7]_i_107__0/O
                         net (fo=1, routed)           0.000    20.056    di_ex/B_OUT[7]_i_107__0_n_0
    SLICE_X36Y25         CARRY4 (Prop_carry4_S[1]_CO[3])
                                                      0.550    20.606 r  di_ex/B_OUT_reg[7]_i_82/CO[3]
                         net (fo=1, routed)           0.000    20.606    di_ex/B_OUT_reg[7]_i_82_n_0
    SLICE_X36Y26         CARRY4 (Prop_carry4_CI_CO[3])
                                                      0.114    20.720 r  di_ex/B_OUT_reg[7]_i_81/CO[3]
                         net (fo=1, routed)           0.000    20.720    di_ex/B_OUT_reg[7]_i_81_n_0
    SLICE_X36Y27         CARRY4 (Prop_carry4_CI_CO[3])
                                                      0.114    20.834 r  di_ex/B_OUT_reg[7]_i_95/CO[3]
                         net (fo=1, routed)           0.000    20.834    di_ex/B_OUT_reg[7]_i_95_n_0
    SLICE_X36Y28         CARRY4 (Prop_carry4_CI_CO[1])
                                                      0.157    20.991 r  di_ex/B_OUT_reg[7]_i_78/CO[1]
                         net (fo=20, routed)          1.699    22.690    di_ex/B_OUT_reg[7]_i_78_n_2
    SLICE_X36Y21         LUT2 (Prop_lut2_I1_O)        0.329    23.019 r  di_ex/B_OUT[7]_i_90__0/O
                         net (fo=1, routed)           0.000    23.019    di_ex/B_OUT[7]_i_90__0_n_0
    SLICE_X36Y21         CARRY4 (Prop_carry4_S[1]_CO[3])
                                                      0.550    23.569 r  di_ex/B_OUT_reg[7]_i_64/CO[3]
                         net (fo=1, routed)           0.000    23.569    di_ex/B_OUT_reg[7]_i_64_n_0
    SLICE_X36Y22         CARRY4 (Prop_carry4_CI_CO[3])
                                                      0.114    23.683 r  di_ex/B_OUT_reg[7]_i_63/CO[3]
                         net (fo=1, routed)           0.000    23.683    di_ex/B_OUT_reg[7]_i_63_n_0
    SLICE_X36Y23         CARRY4 (Prop_carry4_CI_CO[3])
                                                      0.114    23.797 r  di_ex/B_OUT_reg[7]_i_77/CO[3]
                         net (fo=1, routed)           0.000    23.797    di_ex/B_OUT_reg[7]_i_77_n_0
    SLICE_X36Y24         CARRY4 (Prop_carry4_CI_CO[2])
                                                      0.228    24.025 r  di_ex/B_OUT_reg[7]_i_51__0/CO[2]
                         net (fo=22, routed)          1.616    25.641    di_ex/B_OUT_reg[7]_i_51__0_n_1
    SLICE_X40Y20         LUT2 (Prop_lut2_I1_O)        0.313    25.954 r  di_ex/B_OUT[7]_i_72__0/O
                         net (fo=1, routed)           0.000    25.954    di_ex/B_OUT[7]_i_72__0_n_0
    SLICE_X40Y20         CARRY4 (Prop_carry4_S[1]_CO[3])
                                                      0.550    26.504 r  di_ex/B_OUT_reg[7]_i_41__0/CO[3]
                         net (fo=1, routed)           0.000    26.504    di_ex/B_OUT_reg[7]_i_41__0_n_0
    SLICE_X40Y21         CARRY4 (Prop_carry4_CI_CO[3])
                                                      0.114    26.618 r  di_ex/B_OUT_reg[7]_i_40__0/CO[3]
                         net (fo=1, routed)           0.000    26.618    di_ex/B_OUT_reg[7]_i_40__0_n_0
    SLICE_X40Y22         CARRY4 (Prop_carry4_CI_CO[3])
                                                      0.114    26.732 r  di_ex/B_OUT_reg[7]_i_50__0/CO[3]
                         net (fo=1, routed)           0.000    26.732    di_ex/B_OUT_reg[7]_i_50__0_n_0
    SLICE_X40Y23         CARRY4 (Prop_carry4_CI_CO[3])
                                                      0.114    26.846 r  di_ex/B_OUT_reg[7]_i_29__0/CO[3]
                         net (fo=24, routed)          1.842    28.688    di_ex/B_OUT_reg[7]_i_29__0_n_0
    SLICE_X38Y20         LUT2 (Prop_lut2_I1_O)        0.124    28.812 r  di_ex/B_OUT[7]_i_62__0/O
                         net (fo=1, routed)           0.000    28.812    di_ex/B_OUT[7]_i_62__0_n_0
    SLICE_X38Y20         CARRY4 (Prop_carry4_S[1]_CO[3])
                                                      0.533    29.345 r  di_ex/B_OUT_reg[7]_i_35__0/CO[3]
                         net (fo=1, routed)           0.000    29.345    di_ex/B_OUT_reg[7]_i_35__0_n_0
    SLICE_X38Y21         CARRY4 (Prop_carry4_CI_CO[3])
                                                      0.117    29.462 r  di_ex/B_OUT_reg[7]_i_23__0/CO[3]
                         net (fo=1, routed)           0.000    29.462    di_ex/B_OUT_reg[7]_i_23__0_n_0
    SLICE_X38Y22         CARRY4 (Prop_carry4_CI_CO[3])
                                                      0.117    29.579 r  di_ex/B_OUT_reg[7]_i_28__0/CO[3]
                         net (fo=1, routed)           0.000    29.579    di_ex/B_OUT_reg[7]_i_28__0_n_0
    SLICE_X38Y23         CARRY4 (Prop_carry4_CI_CO[3])
                                                      0.117    29.696 r  di_ex/B_OUT_reg[7]_i_21__0/CO[3]
                         net (fo=1, routed)           0.000    29.696    di_ex/B_OUT_reg[7]_i_21__0_n_0
    SLICE_X38Y24         CARRY4 (Prop_carry4_CI_CO[0])
                                                      0.254    29.950 r  di_ex/B_OUT_reg[7]_i_14__0/CO[0]
                         net (fo=26, routed)          1.292    31.242    di_ex/B_OUT_reg[7]_i_14__0_n_3
    SLICE_X35Y22         LUT5 (Prop_lut5_I0_O)        0.367    31.609 r  di_ex/B_OUT[7]_i_58__0/O
                         net (fo=1, routed)           0.000    31.609    di_ex/B_OUT[7]_i_58__0_n_0
    SLICE_X35Y22         CARRY4 (Prop_carry4_S[1]_CO[3])
                                                      0.550    32.159 r  di_ex/B_OUT_reg[7]_i_34__0/CO[3]
                         net (fo=1, routed)           0.000    32.159    di_ex/B_OUT_reg[7]_i_34__0_n_0
    SLICE_X35Y23         CARRY4 (Prop_carry4_CI_CO[3])
                                                      0.114    32.273 r  di_ex/B_OUT_reg[7]_i_22__0/CO[3]
                         net (fo=1, routed)           0.000    32.273    di_ex/B_OUT_reg[7]_i_22__0_n_0
    SLICE_X35Y24         CARRY4 (Prop_carry4_CI_CO[3])
                                                      0.114    32.387 r  di_ex/B_OUT_reg[7]_i_16__0/CO[3]
                         net (fo=1, routed)           0.009    32.396    di_ex/B_OUT_reg[7]_i_16__0_n_0
    SLICE_X35Y25         CARRY4 (Prop_carry4_CI_CO[3])
                                                      0.114    32.510 r  di_ex/B_OUT_reg[7]_i_13__0/CO[3]
                         net (fo=1, routed)           0.000    32.510    di_ex/B_OUT_reg[7]_i_13__0_n_0
    SLICE_X35Y26         CARRY4 (Prop_carry4_CI_CO[1])
                                                      0.157    32.667 r  di_ex/B_OUT_reg[7]_i_9__0/CO[1]
                         net (fo=30, routed)          1.531    34.198    di_ex/B_OUT_reg[7]_i_9__0_n_2
    SLICE_X33Y24         LUT3 (Prop_lut3_I1_O)        0.329    34.527 r  di_ex/B_OUT[6]_i_21/O
                         net (fo=1, routed)           0.000    34.527    di_ex/B_OUT[6]_i_21_n_0
    SLICE_X33Y24         CARRY4 (Prop_carry4_S[1]_CO[3])
                                                      0.550    35.077 r  di_ex/B_OUT_reg[6]_i_14__0/CO[3]
                         net (fo=1, routed)           0.009    35.086    di_ex/B_OUT_reg[6]_i_14__0_n_0
    SLICE_X33Y25         CARRY4 (Prop_carry4_CI_CO[3])
                                                      0.114    35.200 r  di_ex/B_OUT_reg[6]_i_9__0/CO[3]
                         net (fo=1, routed)           0.000    35.200    di_ex/B_OUT_reg[6]_i_9__0_n_0
    SLICE_X33Y26         CARRY4 (Prop_carry4_CI_CO[3])
                                                      0.114    35.314 r  di_ex/B_OUT_reg[6]_i_5/CO[3]
                         net (fo=1, routed)           0.000    35.314    di_ex/B_OUT_reg[6]_i_5_n_0
    SLICE_X33Y27         CARRY4 (Prop_carry4_CI_CO[1])
                                                      0.157    35.471 r  di_ex/B_OUT_reg[6]_i_3__1/CO[1]
                         net (fo=30, routed)          1.738    37.209    di_ex/res10_in[6]
    SLICE_X30Y21         LUT5 (Prop_lut5_I0_O)        0.329    37.538 r  di_ex/res1__728_carry_i_66/O
                         net (fo=1, routed)           0.000    37.538    di_ex/res1__728_carry_i_66_n_0
    SLICE_X30Y21         CARRY4 (Prop_carry4_S[1]_CO[3])
                                                      0.533    38.071 r  di_ex/res1__728_carry_i_52/CO[3]
                         net (fo=1, routed)           0.000    38.071    di_ex/res1__728_carry_i_52_n_0
    SLICE_X30Y22         CARRY4 (Prop_carry4_CI_CO[3])
                                                      0.117    38.188 r  di_ex/res1__728_carry__0_i_21/CO[3]
                         net (fo=1, routed)           0.000    38.188    di_ex/res1__728_carry__0_i_21_n_0
    SLICE_X30Y23         CARRY4 (Prop_carry4_CI_CO[3])
                                                      0.117    38.305 r  di_ex/B_OUT_reg[5]_i_9__0/CO[3]
                         net (fo=1, routed)           0.000    38.305    di_ex/B_OUT_reg[5]_i_9__0_n_0
    SLICE_X30Y24         CARRY4 (Prop_carry4_CI_CO[3])
                                                      0.117    38.422 r  di_ex/B_OUT_reg[5]_i_6/CO[3]
                         net (fo=1, routed)           0.009    38.431    di_ex/B_OUT_reg[5]_i_6_n_0
    SLICE_X30Y25         CARRY4 (Prop_carry4_CI_CO[1])
                                                      0.157    38.588 r  di_ex/B_OUT_reg[5]_i_5/CO[1]
                         net (fo=30, routed)          1.637    40.226    di_ex/res10_in[5]
    SLICE_X28Y22         LUT3 (Prop_lut3_I1_O)        0.332    40.558 r  di_ex/res1__728_carry__0_i_24/O
                         net (fo=1, routed)           0.000    40.558    di_ex/res1__728_carry__0_i_24_n_0
    SLICE_X28Y22         CARRY4 (Prop_carry4_S[1]_CO[3])
                                                      0.550    41.108 r  di_ex/res1__728_carry__0_i_16/CO[3]
                         net (fo=1, routed)           0.000    41.108    di_ex/res1__728_carry__0_i_16_n_0
    SLICE_X28Y23         CARRY4 (Prop_carry4_CI_CO[3])
                                                      0.114    41.222 r  di_ex/B_OUT_reg[4]_i_16__0/CO[3]
                         net (fo=1, routed)           0.000    41.222    di_ex/B_OUT_reg[4]_i_16__0_n_0
    SLICE_X28Y24         CARRY4 (Prop_carry4_CI_CO[3])
                                                      0.114    41.336 r  di_ex/B_OUT_reg[4]_i_13__0/CO[3]
                         net (fo=1, routed)           0.009    41.345    di_ex/B_OUT_reg[4]_i_13__0_n_0
    SLICE_X28Y25         CARRY4 (Prop_carry4_CI_CO[1])
                                                      0.157    41.502 r  di_ex/B_OUT_reg[4]_i_5/CO[1]
                         net (fo=30, routed)          1.568    43.070    di_ex/res10_in[4]
    SLICE_X32Y21         LUT5 (Prop_lut5_I0_O)        0.329    43.399 r  di_ex/res1__728_carry_i_42/O
                         net (fo=1, routed)           0.000    43.399    di_ex/res1__728_carry_i_42_n_0
    SLICE_X32Y21         CARRY4 (Prop_carry4_S[1]_CO[3])
                                                      0.550    43.949 r  di_ex/res1__728_carry_i_25/CO[3]
                         net (fo=1, routed)           0.000    43.949    di_ex/res1__728_carry_i_25_n_0
    SLICE_X32Y22         CARRY4 (Prop_carry4_CI_CO[3])
                                                      0.114    44.063 r  di_ex/res1__728_carry__0_i_11/CO[3]
                         net (fo=1, routed)           0.000    44.063    di_ex/res1__728_carry__0_i_11_n_0
    SLICE_X32Y23         CARRY4 (Prop_carry4_CI_CO[3])
                                                      0.114    44.177 r  di_ex/res1__728_carry_i_47/CO[3]
                         net (fo=1, routed)           0.000    44.177    di_ex/res1__728_carry_i_47_n_0
    SLICE_X32Y24         CARRY4 (Prop_carry4_CI_CO[3])
                                                      0.114    44.291 r  di_ex/res1__728_carry_i_35/CO[3]
                         net (fo=1, routed)           0.009    44.300    di_ex/res1__728_carry_i_35_n_0
    SLICE_X32Y25         CARRY4 (Prop_carry4_CI_CO[1])
                                                      0.157    44.457 r  di_ex/res1__728_carry_i_22/CO[1]
                         net (fo=30, routed)          1.681    46.138    di_ex/res10_in[3]
    SLICE_X35Y19         LUT2 (Prop_lut2_I1_O)        0.355    46.493 r  di_ex/res1__728_carry_i_26/O
                         net (fo=1, routed)           0.336    46.829    di_ex/res1__728_carry_i_26_n_0
    SLICE_X34Y19         CARRY4 (Prop_carry4_DI[1]_CO[3])
                                                      0.728    47.557 r  di_ex/res1__728_carry_i_11/CO[3]
                         net (fo=1, routed)           0.000    47.557    di_ex/res1__728_carry_i_11_n_0
    SLICE_X34Y20         CARRY4 (Prop_carry4_CI_CO[3])
                                                      0.117    47.674 r  di_ex/res1__728_carry__0_i_6/CO[3]
                         net (fo=1, routed)           0.000    47.674    di_ex/res1__728_carry__0_i_6_n_0
    SLICE_X34Y21         CARRY4 (Prop_carry4_CI_CO[3])
                                                      0.117    47.791 r  di_ex/res1__728_carry_i_30/CO[3]
                         net (fo=1, routed)           0.000    47.791    di_ex/res1__728_carry_i_30_n_0
    SLICE_X34Y22         CARRY4 (Prop_carry4_CI_CO[3])
                                                      0.117    47.908 r  di_ex/res1__728_carry_i_21/CO[3]
                         net (fo=1, routed)           0.000    47.908    di_ex/res1__728_carry_i_21_n_0
    SLICE_X34Y23         CARRY4 (Prop_carry4_CI_CO[1])
                                                      0.157    48.065 r  di_ex/res1__728_carry_i_8/CO[1]
                         net (fo=30, routed)          1.456    49.521    di_ex/res10_in[2]
    SLICE_X33Y19         LUT3 (Prop_lut3_I1_O)        0.332    49.853 r  di_ex/res1__728_carry__0_i_9/O
                         net (fo=1, routed)           0.000    49.853    di_ex/res1__728_carry__0_i_9_n_0
    SLICE_X33Y19         CARRY4 (Prop_carry4_S[1]_CO[3])
                                                      0.550    50.403 r  di_ex/res1__728_carry__0_i_1/CO[3]
                         net (fo=1, routed)           0.000    50.403    di_ex/res1__728_carry__0_i_1_n_0
    SLICE_X33Y20         CARRY4 (Prop_carry4_CI_CO[3])
                                                      0.114    50.517 r  di_ex/res1__728_carry__1_i_5/CO[3]
                         net (fo=1, routed)           0.000    50.517    di_ex/res1__728_carry__1_i_5_n_0
    SLICE_X33Y21         CARRY4 (Prop_carry4_CI_CO[3])
                                                      0.114    50.631 r  di_ex/res1__728_carry_i_7/CO[3]
                         net (fo=1, routed)           0.000    50.631    di_ex/res1__728_carry_i_7_n_0
    SLICE_X33Y22         CARRY4 (Prop_carry4_CI_CO[1])
                                                      0.157    50.788 r  di_ex/res1__728_carry_i_1/CO[1]
                         net (fo=29, routed)          1.517    52.305    di_ex/res1__728_carry_i_10_0[0]
    SLICE_X31Y18         LUT5 (Prop_lut5_I3_O)        0.329    52.634 r  di_ex/res1__728_carry_i_5/O
                         net (fo=1, routed)           0.000    52.634    alu/res1__728_carry__0_1[1]
    SLICE_X31Y18         CARRY4 (Prop_carry4_S[1]_CO[3])
                                                      0.550    53.184 r  alu/res1__728_carry/CO[3]
                         net (fo=1, routed)           0.000    53.184    alu/res1__728_carry_n_0
    SLICE_X31Y19         CARRY4 (Prop_carry4_CI_CO[3])
                                                      0.114    53.298 r  alu/res1__728_carry__0/CO[3]
                         net (fo=1, routed)           0.000    53.298    alu/res1__728_carry__0_n_0
    SLICE_X31Y20         CARRY4 (Prop_carry4_CI_CO[3])
                                                      0.114    53.412 r  alu/res1__728_carry__1/CO[3]
                         net (fo=1, routed)           0.000    53.412    alu/res1__728_carry__1_n_0
    SLICE_X31Y21         CARRY4 (Prop_carry4_CI_CO[3])
                                                      0.114    53.526 r  alu/res1__728_carry__2/CO[3]
                         net (fo=1, routed)           0.000    53.526    alu/res1__728_carry__2_n_0
    SLICE_X31Y22         CARRY4 (Prop_carry4_CI_CO[0])
                                                      0.271    53.797 f  alu/res1__728_carry__3/CO[0]
                         net (fo=2, routed)           0.833    54.630    di_ex/B_OUT_reg[0]_i_2__1_0[0]
    SLICE_X29Y22         LUT1 (Prop_lut1_I0_O)        0.373    55.003 r  di_ex/B_OUT[4]_i_8/O
                         net (fo=1, routed)           0.348    55.351    di_ex/B_OUT[4]_i_8_n_0
    SLICE_X31Y23         CARRY4 (Prop_carry4_CYINIT_O[2])
                                                      0.584    55.935 r  di_ex/B_OUT_reg[4]_i_4/O[2]
                         net (fo=1, routed)           0.981    56.916    di_ex/res1[3]
    SLICE_X30Y19         LUT5 (Prop_lut5_I4_O)        0.302    57.218 f  di_ex/B_OUT[3]_i_5__1/O
                         net (fo=1, routed)           0.670    57.888    di_ex/B_OUT[3]_i_5__1_n_0
    SLICE_X30Y19         LUT6 (Prop_lut6_I5_O)        0.124    58.012 f  di_ex/B_OUT[3]_i_3/O
                         net (fo=3, routed)           0.814    58.826    di_ex/B_OUT[3]_i_3_n_0
    SLICE_X30Y18         LUT4 (Prop_lut4_I3_O)        0.124    58.950 r  di_ex/B_OUT[3]_rep_i_1/O
                         net (fo=1, routed)           0.000    58.950    ex_mem/B_OUT_reg[3]_rep_0
    SLICE_X30Y18         FDRE                                         r  ex_mem/B_OUT_reg[3]_rep/D
  -------------------------------------------------------------------    -------------------

                         (clock sysclk_pin rise edge)
                                                   1500.000  1500.000 r  
    W5                                                0.000  1500.000 r  CLK (IN)
                         net (fo=0)                   0.000  1500.000    CLK
    W5                   IBUF (Prop_ibuf_I_O)         1.388  1501.388 r  CLK_IBUF_inst/O
                         net (fo=1, routed)           1.862  1503.250    CLK_IBUF
    BUFGCTRL_X0Y0        BUFG (Prop_bufg_I_O)         0.091  1503.341 r  CLK_IBUF_BUFG_inst/O
                         net (fo=2293, routed)        1.435  1504.776    ex_mem/CLK
    SLICE_X30Y18         FDRE                                         r  ex_mem/B_OUT_reg[3]_rep/C
                         clock pessimism              0.260  1505.036    
                         clock uncertainty           -0.035  1505.001    
    SLICE_X30Y18         FDRE (Setup_fdre_C_D)        0.081  1505.082    ex_mem/B_OUT_reg[3]_rep
  -------------------------------------------------------------------
                         required time                       1505.082    
                         arrival time                         -58.950    
  -------------------------------------------------------------------
                         slack                               1446.132    

Slack (MET) :             1446.202ns  (required time - arrival time)
  Source:                 di_ex/C_OUT_reg[0]/C
                            (rising edge-triggered cell FDRE clocked by sysclk_pin  {rise@0.000ns fall@5.000ns period=1500.000ns})
  Destination:            ex_mem/B_OUT_reg[5]/D
                            (rising edge-triggered cell FDRE clocked by sysclk_pin  {rise@0.000ns fall@5.000ns period=1500.000ns})
  Path Group:             sysclk_pin
  Path Type:              Setup (Max at Slow Process Corner)
  Requirement:            1500.000ns  (sysclk_pin rise@1500.000ns - sysclk_pin rise@0.000ns)
  Data Path Delay:        53.764ns  (logic 22.609ns (42.052%)  route 31.155ns (57.948%))
  Logic Levels:           88  (CARRY4=67 LUT1=1 LUT2=7 LUT3=5 LUT4=1 LUT5=4 LUT6=3)
  Clock Path Skew:        -0.027ns (DCD - SCD + CPR)
    Destination Clock Delay (DCD):    4.781ns = ( 1504.781 - 1500.000 ) 
    Source Clock Delay      (SCD):    5.068ns
    Clock Pessimism Removal (CPR):    0.260ns
  Clock Uncertainty:      0.035ns  ((TSJ^2 + TIJ^2)^1/2 + DJ) / 2 + PE
    Total System Jitter     (TSJ):    0.071ns
    Total Input Jitter      (TIJ):    0.000ns
    Discrete Jitter          (DJ):    0.000ns
    Phase Error              (PE):    0.000ns

    Location             Delay type                Incr(ns)  Path(ns)    Netlist Resource(s)
  -------------------------------------------------------------------    -------------------
                         (clock sysclk_pin rise edge)
                                                      0.000     0.000 r  
    W5                                                0.000     0.000 r  CLK (IN)
                         net (fo=0)                   0.000     0.000    CLK
    W5                   IBUF (Prop_ibuf_I_O)         1.458     1.458 r  CLK_IBUF_inst/O
                         net (fo=1, routed)           1.967     3.425    CLK_IBUF
    BUFGCTRL_X0Y0        BUFG (Prop_bufg_I_O)         0.096     3.521 r  CLK_IBUF_BUFG_inst/O
                         net (fo=2293, routed)        1.547     5.068    di_ex/CLK
    SLICE_X35Y27         FDRE                                         r  di_ex/C_OUT_reg[0]/C
  -------------------------------------------------------------------    -------------------
    SLICE_X35Y27         FDRE (Prop_fdre_C_Q)         0.456     5.524 r  di_ex/C_OUT_reg[0]/Q
                         net (fo=89, routed)          2.751     8.275    di_ex/c_di[0]
    SLICE_X32Y20         LUT6 (Prop_lut6_I2_O)        0.124     8.399 f  di_ex/res1_carry__0_i_9/O
                         net (fo=34, routed)          1.455     9.854    di_ex/res1_carry__0_i_9_n_0
    SLICE_X30Y27         LUT3 (Prop_lut3_I0_O)        0.124     9.978 r  di_ex/res1_carry__0_i_5/O
                         net (fo=1, routed)           0.000     9.978    alu/B_OUT[7]_i_143_0[3]
    SLICE_X30Y27         CARRY4 (Prop_carry4_S[3]_CO[3])
                                                      0.376    10.354 r  alu/res1_carry__0/CO[3]
                         net (fo=1, routed)           0.000    10.354    di_ex/CO[0]
    SLICE_X30Y28         CARRY4 (Prop_carry4_CI_CO[0])
                                                      0.254    10.608 r  di_ex/B_OUT_reg[7]_i_146/CO[0]
                         net (fo=12, routed)          1.327    11.935    di_ex/B_OUT_reg[7]_i_146_n_3
    SLICE_X31Y27         LUT3 (Prop_lut3_I1_O)        0.367    12.302 r  di_ex/B_OUT[7]_i_144/O
                         net (fo=1, routed)           0.000    12.302    di_ex/B_OUT[7]_i_144_n_0
    SLICE_X31Y27         CARRY4 (Prop_carry4_S[1]_CO[3])
                                                      0.550    12.852 r  di_ex/B_OUT_reg[7]_i_128/CO[3]
                         net (fo=1, routed)           0.000    12.852    di_ex/B_OUT_reg[7]_i_128_n_0
    SLICE_X31Y28         CARRY4 (Prop_carry4_CI_CO[2])
                                                      0.228    13.080 r  di_ex/B_OUT_reg[7]_i_134/CO[2]
                         net (fo=14, routed)          1.367    14.447    di_ex/B_OUT_reg[7]_i_134_n_1
    SLICE_X38Y25         LUT2 (Prop_lut2_I1_O)        0.313    14.760 r  di_ex/B_OUT[7]_i_138/O
                         net (fo=1, routed)           0.000    14.760    di_ex/B_OUT[7]_i_138_n_0
    SLICE_X38Y25         CARRY4 (Prop_carry4_S[1]_CO[3])
                                                      0.533    15.293 r  di_ex/B_OUT_reg[7]_i_114/CO[3]
                         net (fo=1, routed)           0.000    15.293    di_ex/B_OUT_reg[7]_i_114_n_0
    SLICE_X38Y26         CARRY4 (Prop_carry4_CI_CO[3])
                                                      0.117    15.410 r  di_ex/B_OUT_reg[7]_i_113/CO[3]
                         net (fo=1, routed)           0.000    15.410    di_ex/B_OUT_reg[7]_i_113_n_0
    SLICE_X38Y27         CARRY4 (Prop_carry4_CI_CO[3])
                                                      0.117    15.527 r  di_ex/B_OUT_reg[7]_i_119/CO[3]
                         net (fo=16, routed)          1.503    17.030    di_ex/B_OUT_reg[7]_i_119_n_0
    SLICE_X40Y25         LUT2 (Prop_lut2_I1_O)        0.124    17.154 r  di_ex/B_OUT[7]_i_123/O
                         net (fo=1, routed)           0.000    17.154    di_ex/B_OUT[7]_i_123_n_0
    SLICE_X40Y25         CARRY4 (Prop_carry4_S[1]_CO[3])
                                                      0.550    17.704 r  di_ex/B_OUT_reg[7]_i_99/CO[3]
                         net (fo=1, routed)           0.000    17.704    di_ex/B_OUT_reg[7]_i_99_n_0
    SLICE_X40Y26         CARRY4 (Prop_carry4_CI_CO[3])
                                                      0.114    17.818 r  di_ex/B_OUT_reg[7]_i_98/CO[3]
                         net (fo=1, routed)           0.000    17.818    di_ex/B_OUT_reg[7]_i_98_n_0
    SLICE_X40Y27         CARRY4 (Prop_carry4_CI_CO[3])
                                                      0.114    17.932 r  di_ex/B_OUT_reg[7]_i_112/CO[3]
                         net (fo=1, routed)           0.000    17.932    di_ex/B_OUT_reg[7]_i_112_n_0
    SLICE_X40Y28         CARRY4 (Prop_carry4_CI_CO[0])
                                                      0.271    18.203 r  di_ex/B_OUT_reg[7]_i_96/CO[0]
                         net (fo=18, routed)          1.480    19.683    di_ex/B_OUT_reg[7]_i_96_n_3
    SLICE_X36Y25         LUT2 (Prop_lut2_I1_O)        0.373    20.056 r  di_ex/B_OUT[7]_i_107__0/O
                         net (fo=1, routed)           0.000    20.056    di_ex/B_OUT[7]_i_107__0_n_0
    SLICE_X36Y25         CARRY4 (Prop_carry4_S[1]_CO[3])
                                                      0.550    20.606 r  di_ex/B_OUT_reg[7]_i_82/CO[3]
                         net (fo=1, routed)           0.000    20.606    di_ex/B_OUT_reg[7]_i_82_n_0
    SLICE_X36Y26         CARRY4 (Prop_carry4_CI_CO[3])
                                                      0.114    20.720 r  di_ex/B_OUT_reg[7]_i_81/CO[3]
                         net (fo=1, routed)           0.000    20.720    di_ex/B_OUT_reg[7]_i_81_n_0
    SLICE_X36Y27         CARRY4 (Prop_carry4_CI_CO[3])
                                                      0.114    20.834 r  di_ex/B_OUT_reg[7]_i_95/CO[3]
                         net (fo=1, routed)           0.000    20.834    di_ex/B_OUT_reg[7]_i_95_n_0
    SLICE_X36Y28         CARRY4 (Prop_carry4_CI_CO[1])
                                                      0.157    20.991 r  di_ex/B_OUT_reg[7]_i_78/CO[1]
                         net (fo=20, routed)          1.699    22.690    di_ex/B_OUT_reg[7]_i_78_n_2
    SLICE_X36Y21         LUT2 (Prop_lut2_I1_O)        0.329    23.019 r  di_ex/B_OUT[7]_i_90__0/O
                         net (fo=1, routed)           0.000    23.019    di_ex/B_OUT[7]_i_90__0_n_0
    SLICE_X36Y21         CARRY4 (Prop_carry4_S[1]_CO[3])
                                                      0.550    23.569 r  di_ex/B_OUT_reg[7]_i_64/CO[3]
                         net (fo=1, routed)           0.000    23.569    di_ex/B_OUT_reg[7]_i_64_n_0
    SLICE_X36Y22         CARRY4 (Prop_carry4_CI_CO[3])
                                                      0.114    23.683 r  di_ex/B_OUT_reg[7]_i_63/CO[3]
                         net (fo=1, routed)           0.000    23.683    di_ex/B_OUT_reg[7]_i_63_n_0
    SLICE_X36Y23         CARRY4 (Prop_carry4_CI_CO[3])
                                                      0.114    23.797 r  di_ex/B_OUT_reg[7]_i_77/CO[3]
                         net (fo=1, routed)           0.000    23.797    di_ex/B_OUT_reg[7]_i_77_n_0
    SLICE_X36Y24         CARRY4 (Prop_carry4_CI_CO[2])
                                                      0.228    24.025 r  di_ex/B_OUT_reg[7]_i_51__0/CO[2]
                         net (fo=22, routed)          1.616    25.641    di_ex/B_OUT_reg[7]_i_51__0_n_1
    SLICE_X40Y20         LUT2 (Prop_lut2_I1_O)        0.313    25.954 r  di_ex/B_OUT[7]_i_72__0/O
                         net (fo=1, routed)           0.000    25.954    di_ex/B_OUT[7]_i_72__0_n_0
    SLICE_X40Y20         CARRY4 (Prop_carry4_S[1]_CO[3])
                                                      0.550    26.504 r  di_ex/B_OUT_reg[7]_i_41__0/CO[3]
                         net (fo=1, routed)           0.000    26.504    di_ex/B_OUT_reg[7]_i_41__0_n_0
    SLICE_X40Y21         CARRY4 (Prop_carry4_CI_CO[3])
                                                      0.114    26.618 r  di_ex/B_OUT_reg[7]_i_40__0/CO[3]
                         net (fo=1, routed)           0.000    26.618    di_ex/B_OUT_reg[7]_i_40__0_n_0
    SLICE_X40Y22         CARRY4 (Prop_carry4_CI_CO[3])
                                                      0.114    26.732 r  di_ex/B_OUT_reg[7]_i_50__0/CO[3]
                         net (fo=1, routed)           0.000    26.732    di_ex/B_OUT_reg[7]_i_50__0_n_0
    SLICE_X40Y23         CARRY4 (Prop_carry4_CI_CO[3])
                                                      0.114    26.846 r  di_ex/B_OUT_reg[7]_i_29__0/CO[3]
                         net (fo=24, routed)          1.842    28.688    di_ex/B_OUT_reg[7]_i_29__0_n_0
    SLICE_X38Y20         LUT2 (Prop_lut2_I1_O)        0.124    28.812 r  di_ex/B_OUT[7]_i_62__0/O
                         net (fo=1, routed)           0.000    28.812    di_ex/B_OUT[7]_i_62__0_n_0
    SLICE_X38Y20         CARRY4 (Prop_carry4_S[1]_CO[3])
                                                      0.533    29.345 r  di_ex/B_OUT_reg[7]_i_35__0/CO[3]
                         net (fo=1, routed)           0.000    29.345    di_ex/B_OUT_reg[7]_i_35__0_n_0
    SLICE_X38Y21         CARRY4 (Prop_carry4_CI_CO[3])
                                                      0.117    29.462 r  di_ex/B_OUT_reg[7]_i_23__0/CO[3]
                         net (fo=1, routed)           0.000    29.462    di_ex/B_OUT_reg[7]_i_23__0_n_0
    SLICE_X38Y22         CARRY4 (Prop_carry4_CI_CO[3])
                                                      0.117    29.579 r  di_ex/B_OUT_reg[7]_i_28__0/CO[3]
                         net (fo=1, routed)           0.000    29.579    di_ex/B_OUT_reg[7]_i_28__0_n_0
    SLICE_X38Y23         CARRY4 (Prop_carry4_CI_CO[3])
                                                      0.117    29.696 r  di_ex/B_OUT_reg[7]_i_21__0/CO[3]
                         net (fo=1, routed)           0.000    29.696    di_ex/B_OUT_reg[7]_i_21__0_n_0
    SLICE_X38Y24         CARRY4 (Prop_carry4_CI_CO[0])
                                                      0.254    29.950 r  di_ex/B_OUT_reg[7]_i_14__0/CO[0]
                         net (fo=26, routed)          1.292    31.242    di_ex/B_OUT_reg[7]_i_14__0_n_3
    SLICE_X35Y22         LUT5 (Prop_lut5_I0_O)        0.367    31.609 r  di_ex/B_OUT[7]_i_58__0/O
                         net (fo=1, routed)           0.000    31.609    di_ex/B_OUT[7]_i_58__0_n_0
    SLICE_X35Y22         CARRY4 (Prop_carry4_S[1]_CO[3])
                                                      0.550    32.159 r  di_ex/B_OUT_reg[7]_i_34__0/CO[3]
                         net (fo=1, routed)           0.000    32.159    di_ex/B_OUT_reg[7]_i_34__0_n_0
    SLICE_X35Y23         CARRY4 (Prop_carry4_CI_CO[3])
                                                      0.114    32.273 r  di_ex/B_OUT_reg[7]_i_22__0/CO[3]
                         net (fo=1, routed)           0.000    32.273    di_ex/B_OUT_reg[7]_i_22__0_n_0
    SLICE_X35Y24         CARRY4 (Prop_carry4_CI_CO[3])
                                                      0.114    32.387 r  di_ex/B_OUT_reg[7]_i_16__0/CO[3]
                         net (fo=1, routed)           0.009    32.396    di_ex/B_OUT_reg[7]_i_16__0_n_0
    SLICE_X35Y25         CARRY4 (Prop_carry4_CI_CO[3])
                                                      0.114    32.510 r  di_ex/B_OUT_reg[7]_i_13__0/CO[3]
                         net (fo=1, routed)           0.000    32.510    di_ex/B_OUT_reg[7]_i_13__0_n_0
    SLICE_X35Y26         CARRY4 (Prop_carry4_CI_CO[1])
                                                      0.157    32.667 r  di_ex/B_OUT_reg[7]_i_9__0/CO[1]
                         net (fo=30, routed)          1.531    34.198    di_ex/B_OUT_reg[7]_i_9__0_n_2
    SLICE_X33Y24         LUT3 (Prop_lut3_I1_O)        0.329    34.527 r  di_ex/B_OUT[6]_i_21/O
                         net (fo=1, routed)           0.000    34.527    di_ex/B_OUT[6]_i_21_n_0
    SLICE_X33Y24         CARRY4 (Prop_carry4_S[1]_CO[3])
                                                      0.550    35.077 r  di_ex/B_OUT_reg[6]_i_14__0/CO[3]
                         net (fo=1, routed)           0.009    35.086    di_ex/B_OUT_reg[6]_i_14__0_n_0
    SLICE_X33Y25         CARRY4 (Prop_carry4_CI_CO[3])
                                                      0.114    35.200 r  di_ex/B_OUT_reg[6]_i_9__0/CO[3]
                         net (fo=1, routed)           0.000    35.200    di_ex/B_OUT_reg[6]_i_9__0_n_0
    SLICE_X33Y26         CARRY4 (Prop_carry4_CI_CO[3])
                                                      0.114    35.314 r  di_ex/B_OUT_reg[6]_i_5/CO[3]
                         net (fo=1, routed)           0.000    35.314    di_ex/B_OUT_reg[6]_i_5_n_0
    SLICE_X33Y27         CARRY4 (Prop_carry4_CI_CO[1])
                                                      0.157    35.471 r  di_ex/B_OUT_reg[6]_i_3__1/CO[1]
                         net (fo=30, routed)          1.738    37.209    di_ex/res10_in[6]
    SLICE_X30Y21         LUT5 (Prop_lut5_I0_O)        0.329    37.538 r  di_ex/res1__728_carry_i_66/O
                         net (fo=1, routed)           0.000    37.538    di_ex/res1__728_carry_i_66_n_0
    SLICE_X30Y21         CARRY4 (Prop_carry4_S[1]_CO[3])
                                                      0.533    38.071 r  di_ex/res1__728_carry_i_52/CO[3]
                         net (fo=1, routed)           0.000    38.071    di_ex/res1__728_carry_i_52_n_0
    SLICE_X30Y22         CARRY4 (Prop_carry4_CI_CO[3])
                                                      0.117    38.188 r  di_ex/res1__728_carry__0_i_21/CO[3]
                         net (fo=1, routed)           0.000    38.188    di_ex/res1__728_carry__0_i_21_n_0
    SLICE_X30Y23         CARRY4 (Prop_carry4_CI_CO[3])
                                                      0.117    38.305 r  di_ex/B_OUT_reg[5]_i_9__0/CO[3]
                         net (fo=1, routed)           0.000    38.305    di_ex/B_OUT_reg[5]_i_9__0_n_0
    SLICE_X30Y24         CARRY4 (Prop_carry4_CI_CO[3])
                                                      0.117    38.422 r  di_ex/B_OUT_reg[5]_i_6/CO[3]
                         net (fo=1, routed)           0.009    38.431    di_ex/B_OUT_reg[5]_i_6_n_0
    SLICE_X30Y25         CARRY4 (Prop_carry4_CI_CO[1])
                                                      0.157    38.588 r  di_ex/B_OUT_reg[5]_i_5/CO[1]
                         net (fo=30, routed)          1.637    40.226    di_ex/res10_in[5]
    SLICE_X28Y22         LUT3 (Prop_lut3_I1_O)        0.332    40.558 r  di_ex/res1__728_carry__0_i_24/O
                         net (fo=1, routed)           0.000    40.558    di_ex/res1__728_carry__0_i_24_n_0
    SLICE_X28Y22         CARRY4 (Prop_carry4_S[1]_CO[3])
                                                      0.550    41.108 r  di_ex/res1__728_carry__0_i_16/CO[3]
                         net (fo=1, routed)           0.000    41.108    di_ex/res1__728_carry__0_i_16_n_0
    SLICE_X28Y23         CARRY4 (Prop_carry4_CI_CO[3])
                                                      0.114    41.222 r  di_ex/B_OUT_reg[4]_i_16__0/CO[3]
                         net (fo=1, routed)           0.000    41.222    di_ex/B_OUT_reg[4]_i_16__0_n_0
    SLICE_X28Y24         CARRY4 (Prop_carry4_CI_CO[3])
                                                      0.114    41.336 r  di_ex/B_OUT_reg[4]_i_13__0/CO[3]
                         net (fo=1, routed)           0.009    41.345    di_ex/B_OUT_reg[4]_i_13__0_n_0
    SLICE_X28Y25         CARRY4 (Prop_carry4_CI_CO[1])
                                                      0.157    41.502 r  di_ex/B_OUT_reg[4]_i_5/CO[1]
                         net (fo=30, routed)          1.568    43.070    di_ex/res10_in[4]
    SLICE_X32Y21         LUT5 (Prop_lut5_I0_O)        0.329    43.399 r  di_ex/res1__728_carry_i_42/O
                         net (fo=1, routed)           0.000    43.399    di_ex/res1__728_carry_i_42_n_0
    SLICE_X32Y21         CARRY4 (Prop_carry4_S[1]_CO[3])
                                                      0.550    43.949 r  di_ex/res1__728_carry_i_25/CO[3]
                         net (fo=1, routed)           0.000    43.949    di_ex/res1__728_carry_i_25_n_0
    SLICE_X32Y22         CARRY4 (Prop_carry4_CI_CO[3])
                                                      0.114    44.063 r  di_ex/res1__728_carry__0_i_11/CO[3]
                         net (fo=1, routed)           0.000    44.063    di_ex/res1__728_carry__0_i_11_n_0
    SLICE_X32Y23         CARRY4 (Prop_carry4_CI_CO[3])
                                                      0.114    44.177 r  di_ex/res1__728_carry_i_47/CO[3]
                         net (fo=1, routed)           0.000    44.177    di_ex/res1__728_carry_i_47_n_0
    SLICE_X32Y24         CARRY4 (Prop_carry4_CI_CO[3])
                                                      0.114    44.291 r  di_ex/res1__728_carry_i_35/CO[3]
                         net (fo=1, routed)           0.009    44.300    di_ex/res1__728_carry_i_35_n_0
    SLICE_X32Y25         CARRY4 (Prop_carry4_CI_CO[1])
                                                      0.157    44.457 r  di_ex/res1__728_carry_i_22/CO[1]
                         net (fo=30, routed)          1.681    46.138    di_ex/res10_in[3]
    SLICE_X35Y19         LUT2 (Prop_lut2_I1_O)        0.355    46.493 r  di_ex/res1__728_carry_i_26/O
                         net (fo=1, routed)           0.336    46.829    di_ex/res1__728_carry_i_26_n_0
    SLICE_X34Y19         CARRY4 (Prop_carry4_DI[1]_CO[3])
                                                      0.728    47.557 r  di_ex/res1__728_carry_i_11/CO[3]
                         net (fo=1, routed)           0.000    47.557    di_ex/res1__728_carry_i_11_n_0
    SLICE_X34Y20         CARRY4 (Prop_carry4_CI_CO[3])
                                                      0.117    47.674 r  di_ex/res1__728_carry__0_i_6/CO[3]
                         net (fo=1, routed)           0.000    47.674    di_ex/res1__728_carry__0_i_6_n_0
    SLICE_X34Y21         CARRY4 (Prop_carry4_CI_CO[3])
                                                      0.117    47.791 r  di_ex/res1__728_carry_i_30/CO[3]
                         net (fo=1, routed)           0.000    47.791    di_ex/res1__728_carry_i_30_n_0
    SLICE_X34Y22         CARRY4 (Prop_carry4_CI_CO[3])
                                                      0.117    47.908 r  di_ex/res1__728_carry_i_21/CO[3]
                         net (fo=1, routed)           0.000    47.908    di_ex/res1__728_carry_i_21_n_0
    SLICE_X34Y23         CARRY4 (Prop_carry4_CI_CO[1])
                                                      0.157    48.065 r  di_ex/res1__728_carry_i_8/CO[1]
                         net (fo=30, routed)          1.456    49.521    di_ex/res10_in[2]
    SLICE_X33Y19         LUT3 (Prop_lut3_I1_O)        0.332    49.853 r  di_ex/res1__728_carry__0_i_9/O
                         net (fo=1, routed)           0.000    49.853    di_ex/res1__728_carry__0_i_9_n_0
    SLICE_X33Y19         CARRY4 (Prop_carry4_S[1]_CO[3])
                                                      0.550    50.403 r  di_ex/res1__728_carry__0_i_1/CO[3]
                         net (fo=1, routed)           0.000    50.403    di_ex/res1__728_carry__0_i_1_n_0
    SLICE_X33Y20         CARRY4 (Prop_carry4_CI_CO[3])
                                                      0.114    50.517 r  di_ex/res1__728_carry__1_i_5/CO[3]
                         net (fo=1, routed)           0.000    50.517    di_ex/res1__728_carry__1_i_5_n_0
    SLICE_X33Y21         CARRY4 (Prop_carry4_CI_CO[3])
                                                      0.114    50.631 r  di_ex/res1__728_carry_i_7/CO[3]
                         net (fo=1, routed)           0.000    50.631    di_ex/res1__728_carry_i_7_n_0
    SLICE_X33Y22         CARRY4 (Prop_carry4_CI_CO[1])
                                                      0.157    50.788 r  di_ex/res1__728_carry_i_1/CO[1]
                         net (fo=29, routed)          1.517    52.305    di_ex/res1__728_carry_i_10_0[0]
    SLICE_X31Y18         LUT5 (Prop_lut5_I3_O)        0.329    52.634 r  di_ex/res1__728_carry_i_5/O
                         net (fo=1, routed)           0.000    52.634    alu/res1__728_carry__0_1[1]
    SLICE_X31Y18         CARRY4 (Prop_carry4_S[1]_CO[3])
                                                      0.550    53.184 r  alu/res1__728_carry/CO[3]
                         net (fo=1, routed)           0.000    53.184    alu/res1__728_carry_n_0
    SLICE_X31Y19         CARRY4 (Prop_carry4_CI_CO[3])
                                                      0.114    53.298 r  alu/res1__728_carry__0/CO[3]
                         net (fo=1, routed)           0.000    53.298    alu/res1__728_carry__0_n_0
    SLICE_X31Y20         CARRY4 (Prop_carry4_CI_CO[3])
                                                      0.114    53.412 r  alu/res1__728_carry__1/CO[3]
                         net (fo=1, routed)           0.000    53.412    alu/res1__728_carry__1_n_0
    SLICE_X31Y21         CARRY4 (Prop_carry4_CI_CO[3])
                                                      0.114    53.526 r  alu/res1__728_carry__2/CO[3]
                         net (fo=1, routed)           0.000    53.526    alu/res1__728_carry__2_n_0
    SLICE_X31Y22         CARRY4 (Prop_carry4_CI_CO[0])
                                                      0.271    53.797 f  alu/res1__728_carry__3/CO[0]
                         net (fo=2, routed)           0.833    54.630    di_ex/B_OUT_reg[0]_i_2__1_0[0]
    SLICE_X29Y22         LUT1 (Prop_lut1_I0_O)        0.373    55.003 r  di_ex/B_OUT[4]_i_8/O
                         net (fo=1, routed)           0.348    55.351    di_ex/B_OUT[4]_i_8_n_0
    SLICE_X31Y23         CARRY4 (Prop_carry4_CYINIT_CO[3])
                                                      0.580    55.931 r  di_ex/B_OUT_reg[4]_i_4/CO[3]
                         net (fo=1, routed)           0.000    55.931    di_ex/B_OUT_reg[4]_i_4_n_0
    SLICE_X31Y24         CARRY4 (Prop_carry4_CI_O[0])
                                                      0.222    56.153 r  di_ex/B_OUT_reg[7]_i_8__0/O[0]
                         net (fo=1, routed)           0.506    56.659    di_ex/res1[5]
    SLICE_X32Y20         LUT6 (Prop_lut6_I3_O)        0.299    56.958 r  di_ex/B_OUT[5]_i_4__0/O
                         net (fo=1, routed)           0.959    57.917    di_ex/B_OUT[5]_i_4__0_n_0
    SLICE_X29Y18         LUT4 (Prop_lut4_I1_O)        0.124    58.041 f  di_ex/B_OUT[5]_i_3/O
                         net (fo=3, routed)           0.668    58.709    di_ex/B_OUT[5]_i_3_n_0
    SLICE_X28Y16         LUT6 (Prop_lut6_I5_O)        0.124    58.833 r  di_ex/B_OUT[5]_i_1__0/O
                         net (fo=1, routed)           0.000    58.833    ex_mem/B_OUT_reg[7]_1[5]
    SLICE_X28Y16         FDRE                                         r  ex_mem/B_OUT_reg[5]/D
  -------------------------------------------------------------------    -------------------

                         (clock sysclk_pin rise edge)
                                                   1500.000  1500.000 r  
    W5                                                0.000  1500.000 r  CLK (IN)
                         net (fo=0)                   0.000  1500.000    CLK
    W5                   IBUF (Prop_ibuf_I_O)         1.388  1501.388 r  CLK_IBUF_inst/O
                         net (fo=1, routed)           1.862  1503.250    CLK_IBUF
    BUFGCTRL_X0Y0        BUFG (Prop_bufg_I_O)         0.091  1503.341 r  CLK_IBUF_BUFG_inst/O
                         net (fo=2293, routed)        1.440  1504.781    ex_mem/CLK
    SLICE_X28Y16         FDRE                                         r  ex_mem/B_OUT_reg[5]/C
                         clock pessimism              0.260  1505.041    
                         clock uncertainty           -0.035  1505.006    
    SLICE_X28Y16         FDRE (Setup_fdre_C_D)        0.029  1505.035    ex_mem/B_OUT_reg[5]
  -------------------------------------------------------------------
                         required time                       1505.035    
                         arrival time                         -58.833    
  -------------------------------------------------------------------
                         slack                               1446.202    

Slack (MET) :             1446.355ns  (required time - arrival time)
  Source:                 di_ex/C_OUT_reg[0]/C
                            (rising edge-triggered cell FDRE clocked by sysclk_pin  {rise@0.000ns fall@5.000ns period=1500.000ns})
  Destination:            ex_mem/B_OUT_reg[1]_rep__0/D
                            (rising edge-triggered cell FDRE clocked by sysclk_pin  {rise@0.000ns fall@5.000ns period=1500.000ns})
  Path Group:             sysclk_pin
  Path Type:              Setup (Max at Slow Process Corner)
  Requirement:            1500.000ns  (sysclk_pin rise@1500.000ns - sysclk_pin rise@0.000ns)
  Data Path Delay:        53.612ns  (logic 22.289ns (41.575%)  route 31.323ns (58.425%))
  Logic Levels:           87  (CARRY4=66 LUT1=1 LUT2=7 LUT3=5 LUT4=1 LUT5=5 LUT6=2)
  Clock Path Skew:        -0.027ns (DCD - SCD + CPR)
    Destination Clock Delay (DCD):    4.781ns = ( 1504.781 - 1500.000 ) 
    Source Clock Delay      (SCD):    5.068ns
    Clock Pessimism Removal (CPR):    0.260ns
  Clock Uncertainty:      0.035ns  ((TSJ^2 + TIJ^2)^1/2 + DJ) / 2 + PE
    Total System Jitter     (TSJ):    0.071ns
    Total Input Jitter      (TIJ):    0.000ns
    Discrete Jitter          (DJ):    0.000ns
    Phase Error              (PE):    0.000ns

    Location             Delay type                Incr(ns)  Path(ns)    Netlist Resource(s)
  -------------------------------------------------------------------    -------------------
                         (clock sysclk_pin rise edge)
                                                      0.000     0.000 r  
    W5                                                0.000     0.000 r  CLK (IN)
                         net (fo=0)                   0.000     0.000    CLK
    W5                   IBUF (Prop_ibuf_I_O)         1.458     1.458 r  CLK_IBUF_inst/O
                         net (fo=1, routed)           1.967     3.425    CLK_IBUF
    BUFGCTRL_X0Y0        BUFG (Prop_bufg_I_O)         0.096     3.521 r  CLK_IBUF_BUFG_inst/O
                         net (fo=2293, routed)        1.547     5.068    di_ex/CLK
    SLICE_X35Y27         FDRE                                         r  di_ex/C_OUT_reg[0]/C
  -------------------------------------------------------------------    -------------------
    SLICE_X35Y27         FDRE (Prop_fdre_C_Q)         0.456     5.524 r  di_ex/C_OUT_reg[0]/Q
                         net (fo=89, routed)          2.751     8.275    di_ex/c_di[0]
    SLICE_X32Y20         LUT6 (Prop_lut6_I2_O)        0.124     8.399 f  di_ex/res1_carry__0_i_9/O
                         net (fo=34, routed)          1.455     9.854    di_ex/res1_carry__0_i_9_n_0
    SLICE_X30Y27         LUT3 (Prop_lut3_I0_O)        0.124     9.978 r  di_ex/res1_carry__0_i_5/O
                         net (fo=1, routed)           0.000     9.978    alu/B_OUT[7]_i_143_0[3]
    SLICE_X30Y27         CARRY4 (Prop_carry4_S[3]_CO[3])
                                                      0.376    10.354 r  alu/res1_carry__0/CO[3]
                         net (fo=1, routed)           0.000    10.354    di_ex/CO[0]
    SLICE_X30Y28         CARRY4 (Prop_carry4_CI_CO[0])
                                                      0.254    10.608 r  di_ex/B_OUT_reg[7]_i_146/CO[0]
                         net (fo=12, routed)          1.327    11.935    di_ex/B_OUT_reg[7]_i_146_n_3
    SLICE_X31Y27         LUT3 (Prop_lut3_I1_O)        0.367    12.302 r  di_ex/B_OUT[7]_i_144/O
                         net (fo=1, routed)           0.000    12.302    di_ex/B_OUT[7]_i_144_n_0
    SLICE_X31Y27         CARRY4 (Prop_carry4_S[1]_CO[3])
                                                      0.550    12.852 r  di_ex/B_OUT_reg[7]_i_128/CO[3]
                         net (fo=1, routed)           0.000    12.852    di_ex/B_OUT_reg[7]_i_128_n_0
    SLICE_X31Y28         CARRY4 (Prop_carry4_CI_CO[2])
                                                      0.228    13.080 r  di_ex/B_OUT_reg[7]_i_134/CO[2]
                         net (fo=14, routed)          1.367    14.447    di_ex/B_OUT_reg[7]_i_134_n_1
    SLICE_X38Y25         LUT2 (Prop_lut2_I1_O)        0.313    14.760 r  di_ex/B_OUT[7]_i_138/O
                         net (fo=1, routed)           0.000    14.760    di_ex/B_OUT[7]_i_138_n_0
    SLICE_X38Y25         CARRY4 (Prop_carry4_S[1]_CO[3])
                                                      0.533    15.293 r  di_ex/B_OUT_reg[7]_i_114/CO[3]
                         net (fo=1, routed)           0.000    15.293    di_ex/B_OUT_reg[7]_i_114_n_0
    SLICE_X38Y26         CARRY4 (Prop_carry4_CI_CO[3])
                                                      0.117    15.410 r  di_ex/B_OUT_reg[7]_i_113/CO[3]
                         net (fo=1, routed)           0.000    15.410    di_ex/B_OUT_reg[7]_i_113_n_0
    SLICE_X38Y27         CARRY4 (Prop_carry4_CI_CO[3])
                                                      0.117    15.527 r  di_ex/B_OUT_reg[7]_i_119/CO[3]
                         net (fo=16, routed)          1.503    17.030    di_ex/B_OUT_reg[7]_i_119_n_0
    SLICE_X40Y25         LUT2 (Prop_lut2_I1_O)        0.124    17.154 r  di_ex/B_OUT[7]_i_123/O
                         net (fo=1, routed)           0.000    17.154    di_ex/B_OUT[7]_i_123_n_0
    SLICE_X40Y25         CARRY4 (Prop_carry4_S[1]_CO[3])
                                                      0.550    17.704 r  di_ex/B_OUT_reg[7]_i_99/CO[3]
                         net (fo=1, routed)           0.000    17.704    di_ex/B_OUT_reg[7]_i_99_n_0
    SLICE_X40Y26         CARRY4 (Prop_carry4_CI_CO[3])
                                                      0.114    17.818 r  di_ex/B_OUT_reg[7]_i_98/CO[3]
                         net (fo=1, routed)           0.000    17.818    di_ex/B_OUT_reg[7]_i_98_n_0
    SLICE_X40Y27         CARRY4 (Prop_carry4_CI_CO[3])
                                                      0.114    17.932 r  di_ex/B_OUT_reg[7]_i_112/CO[3]
                         net (fo=1, routed)           0.000    17.932    di_ex/B_OUT_reg[7]_i_112_n_0
    SLICE_X40Y28         CARRY4 (Prop_carry4_CI_CO[0])
                                                      0.271    18.203 r  di_ex/B_OUT_reg[7]_i_96/CO[0]
                         net (fo=18, routed)          1.480    19.683    di_ex/B_OUT_reg[7]_i_96_n_3
    SLICE_X36Y25         LUT2 (Prop_lut2_I1_O)        0.373    20.056 r  di_ex/B_OUT[7]_i_107__0/O
                         net (fo=1, routed)           0.000    20.056    di_ex/B_OUT[7]_i_107__0_n_0
    SLICE_X36Y25         CARRY4 (Prop_carry4_S[1]_CO[3])
                                                      0.550    20.606 r  di_ex/B_OUT_reg[7]_i_82/CO[3]
                         net (fo=1, routed)           0.000    20.606    di_ex/B_OUT_reg[7]_i_82_n_0
    SLICE_X36Y26         CARRY4 (Prop_carry4_CI_CO[3])
                                                      0.114    20.720 r  di_ex/B_OUT_reg[7]_i_81/CO[3]
                         net (fo=1, routed)           0.000    20.720    di_ex/B_OUT_reg[7]_i_81_n_0
    SLICE_X36Y27         CARRY4 (Prop_carry4_CI_CO[3])
                                                      0.114    20.834 r  di_ex/B_OUT_reg[7]_i_95/CO[3]
                         net (fo=1, routed)           0.000    20.834    di_ex/B_OUT_reg[7]_i_95_n_0
    SLICE_X36Y28         CARRY4 (Prop_carry4_CI_CO[1])
                                                      0.157    20.991 r  di_ex/B_OUT_reg[7]_i_78/CO[1]
                         net (fo=20, routed)          1.699    22.690    di_ex/B_OUT_reg[7]_i_78_n_2
    SLICE_X36Y21         LUT2 (Prop_lut2_I1_O)        0.329    23.019 r  di_ex/B_OUT[7]_i_90__0/O
                         net (fo=1, routed)           0.000    23.019    di_ex/B_OUT[7]_i_90__0_n_0
    SLICE_X36Y21         CARRY4 (Prop_carry4_S[1]_CO[3])
                                                      0.550    23.569 r  di_ex/B_OUT_reg[7]_i_64/CO[3]
                         net (fo=1, routed)           0.000    23.569    di_ex/B_OUT_reg[7]_i_64_n_0
    SLICE_X36Y22         CARRY4 (Prop_carry4_CI_CO[3])
                                                      0.114    23.683 r  di_ex/B_OUT_reg[7]_i_63/CO[3]
                         net (fo=1, routed)           0.000    23.683    di_ex/B_OUT_reg[7]_i_63_n_0
    SLICE_X36Y23         CARRY4 (Prop_carry4_CI_CO[3])
                                                      0.114    23.797 r  di_ex/B_OUT_reg[7]_i_77/CO[3]
                         net (fo=1, routed)           0.000    23.797    di_ex/B_OUT_reg[7]_i_77_n_0
    SLICE_X36Y24         CARRY4 (Prop_carry4_CI_CO[2])
                                                      0.228    24.025 r  di_ex/B_OUT_reg[7]_i_51__0/CO[2]
                         net (fo=22, routed)          1.616    25.641    di_ex/B_OUT_reg[7]_i_51__0_n_1
    SLICE_X40Y20         LUT2 (Prop_lut2_I1_O)        0.313    25.954 r  di_ex/B_OUT[7]_i_72__0/O
                         net (fo=1, routed)           0.000    25.954    di_ex/B_OUT[7]_i_72__0_n_0
    SLICE_X40Y20         CARRY4 (Prop_carry4_S[1]_CO[3])
                                                      0.550    26.504 r  di_ex/B_OUT_reg[7]_i_41__0/CO[3]
                         net (fo=1, routed)           0.000    26.504    di_ex/B_OUT_reg[7]_i_41__0_n_0
    SLICE_X40Y21         CARRY4 (Prop_carry4_CI_CO[3])
                                                      0.114    26.618 r  di_ex/B_OUT_reg[7]_i_40__0/CO[3]
                         net (fo=1, routed)           0.000    26.618    di_ex/B_OUT_reg[7]_i_40__0_n_0
    SLICE_X40Y22         CARRY4 (Prop_carry4_CI_CO[3])
                                                      0.114    26.732 r  di_ex/B_OUT_reg[7]_i_50__0/CO[3]
                         net (fo=1, routed)           0.000    26.732    di_ex/B_OUT_reg[7]_i_50__0_n_0
    SLICE_X40Y23         CARRY4 (Prop_carry4_CI_CO[3])
                                                      0.114    26.846 r  di_ex/B_OUT_reg[7]_i_29__0/CO[3]
                         net (fo=24, routed)          1.842    28.688    di_ex/B_OUT_reg[7]_i_29__0_n_0
    SLICE_X38Y20         LUT2 (Prop_lut2_I1_O)        0.124    28.812 r  di_ex/B_OUT[7]_i_62__0/O
                         net (fo=1, routed)           0.000    28.812    di_ex/B_OUT[7]_i_62__0_n_0
    SLICE_X38Y20         CARRY4 (Prop_carry4_S[1]_CO[3])
                                                      0.533    29.345 r  di_ex/B_OUT_reg[7]_i_35__0/CO[3]
                         net (fo=1, routed)           0.000    29.345    di_ex/B_OUT_reg[7]_i_35__0_n_0
    SLICE_X38Y21         CARRY4 (Prop_carry4_CI_CO[3])
                                                      0.117    29.462 r  di_ex/B_OUT_reg[7]_i_23__0/CO[3]
                         net (fo=1, routed)           0.000    29.462    di_ex/B_OUT_reg[7]_i_23__0_n_0
    SLICE_X38Y22         CARRY4 (Prop_carry4_CI_CO[3])
                                                      0.117    29.579 r  di_ex/B_OUT_reg[7]_i_28__0/CO[3]
                         net (fo=1, routed)           0.000    29.579    di_ex/B_OUT_reg[7]_i_28__0_n_0
    SLICE_X38Y23         CARRY4 (Prop_carry4_CI_CO[3])
                                                      0.117    29.696 r  di_ex/B_OUT_reg[7]_i_21__0/CO[3]
                         net (fo=1, routed)           0.000    29.696    di_ex/B_OUT_reg[7]_i_21__0_n_0
    SLICE_X38Y24         CARRY4 (Prop_carry4_CI_CO[0])
                                                      0.254    29.950 r  di_ex/B_OUT_reg[7]_i_14__0/CO[0]
                         net (fo=26, routed)          1.292    31.242    di_ex/B_OUT_reg[7]_i_14__0_n_3
    SLICE_X35Y22         LUT5 (Prop_lut5_I0_O)        0.367    31.609 r  di_ex/B_OUT[7]_i_58__0/O
                         net (fo=1, routed)           0.000    31.609    di_ex/B_OUT[7]_i_58__0_n_0
    SLICE_X35Y22         CARRY4 (Prop_carry4_S[1]_CO[3])
                                                      0.550    32.159 r  di_ex/B_OUT_reg[7]_i_34__0/CO[3]
                         net (fo=1, routed)           0.000    32.159    di_ex/B_OUT_reg[7]_i_34__0_n_0
    SLICE_X35Y23         CARRY4 (Prop_carry4_CI_CO[3])
                                                      0.114    32.273 r  di_ex/B_OUT_reg[7]_i_22__0/CO[3]
                         net (fo=1, routed)           0.000    32.273    di_ex/B_OUT_reg[7]_i_22__0_n_0
    SLICE_X35Y24         CARRY4 (Prop_carry4_CI_CO[3])
                                                      0.114    32.387 r  di_ex/B_OUT_reg[7]_i_16__0/CO[3]
                         net (fo=1, routed)           0.009    32.396    di_ex/B_OUT_reg[7]_i_16__0_n_0
    SLICE_X35Y25         CARRY4 (Prop_carry4_CI_CO[3])
                                                      0.114    32.510 r  di_ex/B_OUT_reg[7]_i_13__0/CO[3]
                         net (fo=1, routed)           0.000    32.510    di_ex/B_OUT_reg[7]_i_13__0_n_0
    SLICE_X35Y26         CARRY4 (Prop_carry4_CI_CO[1])
                                                      0.157    32.667 r  di_ex/B_OUT_reg[7]_i_9__0/CO[1]
                         net (fo=30, routed)          1.531    34.198    di_ex/B_OUT_reg[7]_i_9__0_n_2
    SLICE_X33Y24         LUT3 (Prop_lut3_I1_O)        0.329    34.527 r  di_ex/B_OUT[6]_i_21/O
                         net (fo=1, routed)           0.000    34.527    di_ex/B_OUT[6]_i_21_n_0
    SLICE_X33Y24         CARRY4 (Prop_carry4_S[1]_CO[3])
                                                      0.550    35.077 r  di_ex/B_OUT_reg[6]_i_14__0/CO[3]
                         net (fo=1, routed)           0.009    35.086    di_ex/B_OUT_reg[6]_i_14__0_n_0
    SLICE_X33Y25         CARRY4 (Prop_carry4_CI_CO[3])
                                                      0.114    35.200 r  di_ex/B_OUT_reg[6]_i_9__0/CO[3]
                         net (fo=1, routed)           0.000    35.200    di_ex/B_OUT_reg[6]_i_9__0_n_0
    SLICE_X33Y26         CARRY4 (Prop_carry4_CI_CO[3])
                                                      0.114    35.314 r  di_ex/B_OUT_reg[6]_i_5/CO[3]
                         net (fo=1, routed)           0.000    35.314    di_ex/B_OUT_reg[6]_i_5_n_0
    SLICE_X33Y27         CARRY4 (Prop_carry4_CI_CO[1])
                                                      0.157    35.471 r  di_ex/B_OUT_reg[6]_i_3__1/CO[1]
                         net (fo=30, routed)          1.738    37.209    di_ex/res10_in[6]
    SLICE_X30Y21         LUT5 (Prop_lut5_I0_O)        0.329    37.538 r  di_ex/res1__728_carry_i_66/O
                         net (fo=1, routed)           0.000    37.538    di_ex/res1__728_carry_i_66_n_0
    SLICE_X30Y21         CARRY4 (Prop_carry4_S[1]_CO[3])
                                                      0.533    38.071 r  di_ex/res1__728_carry_i_52/CO[3]
                         net (fo=1, routed)           0.000    38.071    di_ex/res1__728_carry_i_52_n_0
    SLICE_X30Y22         CARRY4 (Prop_carry4_CI_CO[3])
                                                      0.117    38.188 r  di_ex/res1__728_carry__0_i_21/CO[3]
                         net (fo=1, routed)           0.000    38.188    di_ex/res1__728_carry__0_i_21_n_0
    SLICE_X30Y23         CARRY4 (Prop_carry4_CI_CO[3])
                                                      0.117    38.305 r  di_ex/B_OUT_reg[5]_i_9__0/CO[3]
                         net (fo=1, routed)           0.000    38.305    di_ex/B_OUT_reg[5]_i_9__0_n_0
    SLICE_X30Y24         CARRY4 (Prop_carry4_CI_CO[3])
                                                      0.117    38.422 r  di_ex/B_OUT_reg[5]_i_6/CO[3]
                         net (fo=1, routed)           0.009    38.431    di_ex/B_OUT_reg[5]_i_6_n_0
    SLICE_X30Y25         CARRY4 (Prop_carry4_CI_CO[1])
                                                      0.157    38.588 r  di_ex/B_OUT_reg[5]_i_5/CO[1]
                         net (fo=30, routed)          1.637    40.226    di_ex/res10_in[5]
    SLICE_X28Y22         LUT3 (Prop_lut3_I1_O)        0.332    40.558 r  di_ex/res1__728_carry__0_i_24/O
                         net (fo=1, routed)           0.000    40.558    di_ex/res1__728_carry__0_i_24_n_0
    SLICE_X28Y22         CARRY4 (Prop_carry4_S[1]_CO[3])
                                                      0.550    41.108 r  di_ex/res1__728_carry__0_i_16/CO[3]
                         net (fo=1, routed)           0.000    41.108    di_ex/res1__728_carry__0_i_16_n_0
    SLICE_X28Y23         CARRY4 (Prop_carry4_CI_CO[3])
                                                      0.114    41.222 r  di_ex/B_OUT_reg[4]_i_16__0/CO[3]
                         net (fo=1, routed)           0.000    41.222    di_ex/B_OUT_reg[4]_i_16__0_n_0
    SLICE_X28Y24         CARRY4 (Prop_carry4_CI_CO[3])
                                                      0.114    41.336 r  di_ex/B_OUT_reg[4]_i_13__0/CO[3]
                         net (fo=1, routed)           0.009    41.345    di_ex/B_OUT_reg[4]_i_13__0_n_0
    SLICE_X28Y25         CARRY4 (Prop_carry4_CI_CO[1])
                                                      0.157    41.502 r  di_ex/B_OUT_reg[4]_i_5/CO[1]
                         net (fo=30, routed)          1.568    43.070    di_ex/res10_in[4]
    SLICE_X32Y21         LUT5 (Prop_lut5_I0_O)        0.329    43.399 r  di_ex/res1__728_carry_i_42/O
                         net (fo=1, routed)           0.000    43.399    di_ex/res1__728_carry_i_42_n_0
    SLICE_X32Y21         CARRY4 (Prop_carry4_S[1]_CO[3])
                                                      0.550    43.949 r  di_ex/res1__728_carry_i_25/CO[3]
                         net (fo=1, routed)           0.000    43.949    di_ex/res1__728_carry_i_25_n_0
    SLICE_X32Y22         CARRY4 (Prop_carry4_CI_CO[3])
                                                      0.114    44.063 r  di_ex/res1__728_carry__0_i_11/CO[3]
                         net (fo=1, routed)           0.000    44.063    di_ex/res1__728_carry__0_i_11_n_0
    SLICE_X32Y23         CARRY4 (Prop_carry4_CI_CO[3])
                                                      0.114    44.177 r  di_ex/res1__728_carry_i_47/CO[3]
                         net (fo=1, routed)           0.000    44.177    di_ex/res1__728_carry_i_47_n_0
    SLICE_X32Y24         CARRY4 (Prop_carry4_CI_CO[3])
                                                      0.114    44.291 r  di_ex/res1__728_carry_i_35/CO[3]
                         net (fo=1, routed)           0.009    44.300    di_ex/res1__728_carry_i_35_n_0
    SLICE_X32Y25         CARRY4 (Prop_carry4_CI_CO[1])
                                                      0.157    44.457 r  di_ex/res1__728_carry_i_22/CO[1]
                         net (fo=30, routed)          1.681    46.138    di_ex/res10_in[3]
    SLICE_X35Y19         LUT2 (Prop_lut2_I1_O)        0.355    46.493 r  di_ex/res1__728_carry_i_26/O
                         net (fo=1, routed)           0.336    46.829    di_ex/res1__728_carry_i_26_n_0
    SLICE_X34Y19         CARRY4 (Prop_carry4_DI[1]_CO[3])
                                                      0.728    47.557 r  di_ex/res1__728_carry_i_11/CO[3]
                         net (fo=1, routed)           0.000    47.557    di_ex/res1__728_carry_i_11_n_0
    SLICE_X34Y20         CARRY4 (Prop_carry4_CI_CO[3])
                                                      0.117    47.674 r  di_ex/res1__728_carry__0_i_6/CO[3]
                         net (fo=1, routed)           0.000    47.674    di_ex/res1__728_carry__0_i_6_n_0
    SLICE_X34Y21         CARRY4 (Prop_carry4_CI_CO[3])
                                                      0.117    47.791 r  di_ex/res1__728_carry_i_30/CO[3]
                         net (fo=1, routed)           0.000    47.791    di_ex/res1__728_carry_i_30_n_0
    SLICE_X34Y22         CARRY4 (Prop_carry4_CI_CO[3])
                                                      0.117    47.908 r  di_ex/res1__728_carry_i_21/CO[3]
                         net (fo=1, routed)           0.000    47.908    di_ex/res1__728_carry_i_21_n_0
    SLICE_X34Y23         CARRY4 (Prop_carry4_CI_CO[1])
                                                      0.157    48.065 r  di_ex/res1__728_carry_i_8/CO[1]
                         net (fo=30, routed)          1.456    49.521    di_ex/res10_in[2]
    SLICE_X33Y19         LUT3 (Prop_lut3_I1_O)        0.332    49.853 r  di_ex/res1__728_carry__0_i_9/O
                         net (fo=1, routed)           0.000    49.853    di_ex/res1__728_carry__0_i_9_n_0
    SLICE_X33Y19         CARRY4 (Prop_carry4_S[1]_CO[3])
                                                      0.550    50.403 r  di_ex/res1__728_carry__0_i_1/CO[3]
                         net (fo=1, routed)           0.000    50.403    di_ex/res1__728_carry__0_i_1_n_0
    SLICE_X33Y20         CARRY4 (Prop_carry4_CI_CO[3])
                                                      0.114    50.517 r  di_ex/res1__728_carry__1_i_5/CO[3]
                         net (fo=1, routed)           0.000    50.517    di_ex/res1__728_carry__1_i_5_n_0
    SLICE_X33Y21         CARRY4 (Prop_carry4_CI_CO[3])
                                                      0.114    50.631 r  di_ex/res1__728_carry_i_7/CO[3]
                         net (fo=1, routed)           0.000    50.631    di_ex/res1__728_carry_i_7_n_0
    SLICE_X33Y22         CARRY4 (Prop_carry4_CI_CO[1])
                                                      0.157    50.788 r  di_ex/res1__728_carry_i_1/CO[1]
                         net (fo=29, routed)          1.517    52.305    di_ex/res1__728_carry_i_10_0[0]
    SLICE_X31Y18         LUT5 (Prop_lut5_I3_O)        0.329    52.634 r  di_ex/res1__728_carry_i_5/O
                         net (fo=1, routed)           0.000    52.634    alu/res1__728_carry__0_1[1]
    SLICE_X31Y18         CARRY4 (Prop_carry4_S[1]_CO[3])
                                                      0.550    53.184 r  alu/res1__728_carry/CO[3]
                         net (fo=1, routed)           0.000    53.184    alu/res1__728_carry_n_0
    SLICE_X31Y19         CARRY4 (Prop_carry4_CI_CO[3])
                                                      0.114    53.298 r  alu/res1__728_carry__0/CO[3]
                         net (fo=1, routed)           0.000    53.298    alu/res1__728_carry__0_n_0
    SLICE_X31Y20         CARRY4 (Prop_carry4_CI_CO[3])
                                                      0.114    53.412 r  alu/res1__728_carry__1/CO[3]
                         net (fo=1, routed)           0.000    53.412    alu/res1__728_carry__1_n_0
    SLICE_X31Y21         CARRY4 (Prop_carry4_CI_CO[3])
                                                      0.114    53.526 r  alu/res1__728_carry__2/CO[3]
                         net (fo=1, routed)           0.000    53.526    alu/res1__728_carry__2_n_0
    SLICE_X31Y22         CARRY4 (Prop_carry4_CI_CO[0])
                                                      0.271    53.797 f  alu/res1__728_carry__3/CO[0]
                         net (fo=2, routed)           0.833    54.630    di_ex/B_OUT_reg[0]_i_2__1_0[0]
    SLICE_X29Y22         LUT1 (Prop_lut1_I0_O)        0.373    55.003 r  di_ex/B_OUT[4]_i_8/O
                         net (fo=1, routed)           0.348    55.351    di_ex/B_OUT[4]_i_8_n_0
    SLICE_X31Y23         CARRY4 (Prop_carry4_CYINIT_O[0])
                                                      0.482    55.833 r  di_ex/B_OUT_reg[4]_i_4/O[0]
                         net (fo=1, routed)           0.936    56.769    di_ex/res1[1]
    SLICE_X32Y19         LUT5 (Prop_lut5_I3_O)        0.299    57.068 f  di_ex/B_OUT[1]_i_4__0/O
                         net (fo=1, routed)           0.404    57.473    di_ex/B_OUT[1]_i_4__0_n_0
    SLICE_X33Y17         LUT6 (Prop_lut6_I5_O)        0.124    57.597 f  di_ex/B_OUT[1]_i_3/O
                         net (fo=3, routed)           0.960    58.556    di_ex/B_OUT[1]_i_3_n_0
    SLICE_X29Y16         LUT4 (Prop_lut4_I3_O)        0.124    58.680 r  di_ex/B_OUT[1]_rep__0_i_1/O
                         net (fo=1, routed)           0.000    58.680    ex_mem/B_OUT_reg[1]_rep__0_0
    SLICE_X29Y16         FDRE                                         r  ex_mem/B_OUT_reg[1]_rep__0/D
  -------------------------------------------------------------------    -------------------

                         (clock sysclk_pin rise edge)
                                                   1500.000  1500.000 r  
    W5                                                0.000  1500.000 r  CLK (IN)
                         net (fo=0)                   0.000  1500.000    CLK
    W5                   IBUF (Prop_ibuf_I_O)         1.388  1501.388 r  CLK_IBUF_inst/O
                         net (fo=1, routed)           1.862  1503.250    CLK_IBUF
    BUFGCTRL_X0Y0        BUFG (Prop_bufg_I_O)         0.091  1503.341 r  CLK_IBUF_BUFG_inst/O
                         net (fo=2293, routed)        1.440  1504.781    ex_mem/CLK
    SLICE_X29Y16         FDRE                                         r  ex_mem/B_OUT_reg[1]_rep__0/C
                         clock pessimism              0.260  1505.041    
                         clock uncertainty           -0.035  1505.006    
    SLICE_X29Y16         FDRE (Setup_fdre_C_D)        0.029  1505.035    ex_mem/B_OUT_reg[1]_rep__0
  -------------------------------------------------------------------
                         required time                       1505.035    
                         arrival time                         -58.680    
  -------------------------------------------------------------------
                         slack                               1446.355    

Slack (MET) :             1446.431ns  (required time - arrival time)
  Source:                 di_ex/C_OUT_reg[0]/C
                            (rising edge-triggered cell FDRE clocked by sysclk_pin  {rise@0.000ns fall@5.000ns period=1500.000ns})
  Destination:            ex_mem/B_OUT_reg[5]_rep/D
                            (rising edge-triggered cell FDRE clocked by sysclk_pin  {rise@0.000ns fall@5.000ns period=1500.000ns})
  Path Group:             sysclk_pin
  Path Type:              Setup (Max at Slow Process Corner)
  Requirement:            1500.000ns  (sysclk_pin rise@1500.000ns - sysclk_pin rise@0.000ns)
  Data Path Delay:        53.538ns  (logic 22.609ns (42.230%)  route 30.929ns (57.770%))
  Logic Levels:           88  (CARRY4=67 LUT1=1 LUT2=7 LUT3=5 LUT4=1 LUT5=4 LUT6=3)
  Clock Path Skew:        -0.027ns (DCD - SCD + CPR)
    Destination Clock Delay (DCD):    4.781ns = ( 1504.781 - 1500.000 ) 
    Source Clock Delay      (SCD):    5.068ns
    Clock Pessimism Removal (CPR):    0.260ns
  Clock Uncertainty:      0.035ns  ((TSJ^2 + TIJ^2)^1/2 + DJ) / 2 + PE
    Total System Jitter     (TSJ):    0.071ns
    Total Input Jitter      (TIJ):    0.000ns
    Discrete Jitter          (DJ):    0.000ns
    Phase Error              (PE):    0.000ns

    Location             Delay type                Incr(ns)  Path(ns)    Netlist Resource(s)
  -------------------------------------------------------------------    -------------------
                         (clock sysclk_pin rise edge)
                                                      0.000     0.000 r  
    W5                                                0.000     0.000 r  CLK (IN)
                         net (fo=0)                   0.000     0.000    CLK
    W5                   IBUF (Prop_ibuf_I_O)         1.458     1.458 r  CLK_IBUF_inst/O
                         net (fo=1, routed)           1.967     3.425    CLK_IBUF
    BUFGCTRL_X0Y0        BUFG (Prop_bufg_I_O)         0.096     3.521 r  CLK_IBUF_BUFG_inst/O
                         net (fo=2293, routed)        1.547     5.068    di_ex/CLK
    SLICE_X35Y27         FDRE                                         r  di_ex/C_OUT_reg[0]/C
  -------------------------------------------------------------------    -------------------
    SLICE_X35Y27         FDRE (Prop_fdre_C_Q)         0.456     5.524 r  di_ex/C_OUT_reg[0]/Q
                         net (fo=89, routed)          2.751     8.275    di_ex/c_di[0]
    SLICE_X32Y20         LUT6 (Prop_lut6_I2_O)        0.124     8.399 f  di_ex/res1_carry__0_i_9/O
                         net (fo=34, routed)          1.455     9.854    di_ex/res1_carry__0_i_9_n_0
    SLICE_X30Y27         LUT3 (Prop_lut3_I0_O)        0.124     9.978 r  di_ex/res1_carry__0_i_5/O
                         net (fo=1, routed)           0.000     9.978    alu/B_OUT[7]_i_143_0[3]
    SLICE_X30Y27         CARRY4 (Prop_carry4_S[3]_CO[3])
                                                      0.376    10.354 r  alu/res1_carry__0/CO[3]
                         net (fo=1, routed)           0.000    10.354    di_ex/CO[0]
    SLICE_X30Y28         CARRY4 (Prop_carry4_CI_CO[0])
                                                      0.254    10.608 r  di_ex/B_OUT_reg[7]_i_146/CO[0]
                         net (fo=12, routed)          1.327    11.935    di_ex/B_OUT_reg[7]_i_146_n_3
    SLICE_X31Y27         LUT3 (Prop_lut3_I1_O)        0.367    12.302 r  di_ex/B_OUT[7]_i_144/O
                         net (fo=1, routed)           0.000    12.302    di_ex/B_OUT[7]_i_144_n_0
    SLICE_X31Y27         CARRY4 (Prop_carry4_S[1]_CO[3])
                                                      0.550    12.852 r  di_ex/B_OUT_reg[7]_i_128/CO[3]
                         net (fo=1, routed)           0.000    12.852    di_ex/B_OUT_reg[7]_i_128_n_0
    SLICE_X31Y28         CARRY4 (Prop_carry4_CI_CO[2])
                                                      0.228    13.080 r  di_ex/B_OUT_reg[7]_i_134/CO[2]
                         net (fo=14, routed)          1.367    14.447    di_ex/B_OUT_reg[7]_i_134_n_1
    SLICE_X38Y25         LUT2 (Prop_lut2_I1_O)        0.313    14.760 r  di_ex/B_OUT[7]_i_138/O
                         net (fo=1, routed)           0.000    14.760    di_ex/B_OUT[7]_i_138_n_0
    SLICE_X38Y25         CARRY4 (Prop_carry4_S[1]_CO[3])
                                                      0.533    15.293 r  di_ex/B_OUT_reg[7]_i_114/CO[3]
                         net (fo=1, routed)           0.000    15.293    di_ex/B_OUT_reg[7]_i_114_n_0
    SLICE_X38Y26         CARRY4 (Prop_carry4_CI_CO[3])
                                                      0.117    15.410 r  di_ex/B_OUT_reg[7]_i_113/CO[3]
                         net (fo=1, routed)           0.000    15.410    di_ex/B_OUT_reg[7]_i_113_n_0
    SLICE_X38Y27         CARRY4 (Prop_carry4_CI_CO[3])
                                                      0.117    15.527 r  di_ex/B_OUT_reg[7]_i_119/CO[3]
                         net (fo=16, routed)          1.503    17.030    di_ex/B_OUT_reg[7]_i_119_n_0
    SLICE_X40Y25         LUT2 (Prop_lut2_I1_O)        0.124    17.154 r  di_ex/B_OUT[7]_i_123/O
                         net (fo=1, routed)           0.000    17.154    di_ex/B_OUT[7]_i_123_n_0
    SLICE_X40Y25         CARRY4 (Prop_carry4_S[1]_CO[3])
                                                      0.550    17.704 r  di_ex/B_OUT_reg[7]_i_99/CO[3]
                         net (fo=1, routed)           0.000    17.704    di_ex/B_OUT_reg[7]_i_99_n_0
    SLICE_X40Y26         CARRY4 (Prop_carry4_CI_CO[3])
                                                      0.114    17.818 r  di_ex/B_OUT_reg[7]_i_98/CO[3]
                         net (fo=1, routed)           0.000    17.818    di_ex/B_OUT_reg[7]_i_98_n_0
    SLICE_X40Y27         CARRY4 (Prop_carry4_CI_CO[3])
                                                      0.114    17.932 r  di_ex/B_OUT_reg[7]_i_112/CO[3]
                         net (fo=1, routed)           0.000    17.932    di_ex/B_OUT_reg[7]_i_112_n_0
    SLICE_X40Y28         CARRY4 (Prop_carry4_CI_CO[0])
                                                      0.271    18.203 r  di_ex/B_OUT_reg[7]_i_96/CO[0]
                         net (fo=18, routed)          1.480    19.683    di_ex/B_OUT_reg[7]_i_96_n_3
    SLICE_X36Y25         LUT2 (Prop_lut2_I1_O)        0.373    20.056 r  di_ex/B_OUT[7]_i_107__0/O
                         net (fo=1, routed)           0.000    20.056    di_ex/B_OUT[7]_i_107__0_n_0
    SLICE_X36Y25         CARRY4 (Prop_carry4_S[1]_CO[3])
                                                      0.550    20.606 r  di_ex/B_OUT_reg[7]_i_82/CO[3]
                         net (fo=1, routed)           0.000    20.606    di_ex/B_OUT_reg[7]_i_82_n_0
    SLICE_X36Y26         CARRY4 (Prop_carry4_CI_CO[3])
                                                      0.114    20.720 r  di_ex/B_OUT_reg[7]_i_81/CO[3]
                         net (fo=1, routed)           0.000    20.720    di_ex/B_OUT_reg[7]_i_81_n_0
    SLICE_X36Y27         CARRY4 (Prop_carry4_CI_CO[3])
                                                      0.114    20.834 r  di_ex/B_OUT_reg[7]_i_95/CO[3]
                         net (fo=1, routed)           0.000    20.834    di_ex/B_OUT_reg[7]_i_95_n_0
    SLICE_X36Y28         CARRY4 (Prop_carry4_CI_CO[1])
                                                      0.157    20.991 r  di_ex/B_OUT_reg[7]_i_78/CO[1]
                         net (fo=20, routed)          1.699    22.690    di_ex/B_OUT_reg[7]_i_78_n_2
    SLICE_X36Y21         LUT2 (Prop_lut2_I1_O)        0.329    23.019 r  di_ex/B_OUT[7]_i_90__0/O
                         net (fo=1, routed)           0.000    23.019    di_ex/B_OUT[7]_i_90__0_n_0
    SLICE_X36Y21         CARRY4 (Prop_carry4_S[1]_CO[3])
                                                      0.550    23.569 r  di_ex/B_OUT_reg[7]_i_64/CO[3]
                         net (fo=1, routed)           0.000    23.569    di_ex/B_OUT_reg[7]_i_64_n_0
    SLICE_X36Y22         CARRY4 (Prop_carry4_CI_CO[3])
                                                      0.114    23.683 r  di_ex/B_OUT_reg[7]_i_63/CO[3]
                         net (fo=1, routed)           0.000    23.683    di_ex/B_OUT_reg[7]_i_63_n_0
    SLICE_X36Y23         CARRY4 (Prop_carry4_CI_CO[3])
                                                      0.114    23.797 r  di_ex/B_OUT_reg[7]_i_77/CO[3]
                         net (fo=1, routed)           0.000    23.797    di_ex/B_OUT_reg[7]_i_77_n_0
    SLICE_X36Y24         CARRY4 (Prop_carry4_CI_CO[2])
                                                      0.228    24.025 r  di_ex/B_OUT_reg[7]_i_51__0/CO[2]
                         net (fo=22, routed)          1.616    25.641    di_ex/B_OUT_reg[7]_i_51__0_n_1
    SLICE_X40Y20         LUT2 (Prop_lut2_I1_O)        0.313    25.954 r  di_ex/B_OUT[7]_i_72__0/O
                         net (fo=1, routed)           0.000    25.954    di_ex/B_OUT[7]_i_72__0_n_0
    SLICE_X40Y20         CARRY4 (Prop_carry4_S[1]_CO[3])
                                                      0.550    26.504 r  di_ex/B_OUT_reg[7]_i_41__0/CO[3]
                         net (fo=1, routed)           0.000    26.504    di_ex/B_OUT_reg[7]_i_41__0_n_0
    SLICE_X40Y21         CARRY4 (Prop_carry4_CI_CO[3])
                                                      0.114    26.618 r  di_ex/B_OUT_reg[7]_i_40__0/CO[3]
                         net (fo=1, routed)           0.000    26.618    di_ex/B_OUT_reg[7]_i_40__0_n_0
    SLICE_X40Y22         CARRY4 (Prop_carry4_CI_CO[3])
                                                      0.114    26.732 r  di_ex/B_OUT_reg[7]_i_50__0/CO[3]
                         net (fo=1, routed)           0.000    26.732    di_ex/B_OUT_reg[7]_i_50__0_n_0
    SLICE_X40Y23         CARRY4 (Prop_carry4_CI_CO[3])
                                                      0.114    26.846 r  di_ex/B_OUT_reg[7]_i_29__0/CO[3]
                         net (fo=24, routed)          1.842    28.688    di_ex/B_OUT_reg[7]_i_29__0_n_0
    SLICE_X38Y20         LUT2 (Prop_lut2_I1_O)        0.124    28.812 r  di_ex/B_OUT[7]_i_62__0/O
                         net (fo=1, routed)           0.000    28.812    di_ex/B_OUT[7]_i_62__0_n_0
    SLICE_X38Y20         CARRY4 (Prop_carry4_S[1]_CO[3])
                                                      0.533    29.345 r  di_ex/B_OUT_reg[7]_i_35__0/CO[3]
                         net (fo=1, routed)           0.000    29.345    di_ex/B_OUT_reg[7]_i_35__0_n_0
    SLICE_X38Y21         CARRY4 (Prop_carry4_CI_CO[3])
                                                      0.117    29.462 r  di_ex/B_OUT_reg[7]_i_23__0/CO[3]
                         net (fo=1, routed)           0.000    29.462    di_ex/B_OUT_reg[7]_i_23__0_n_0
    SLICE_X38Y22         CARRY4 (Prop_carry4_CI_CO[3])
                                                      0.117    29.579 r  di_ex/B_OUT_reg[7]_i_28__0/CO[3]
                         net (fo=1, routed)           0.000    29.579    di_ex/B_OUT_reg[7]_i_28__0_n_0
    SLICE_X38Y23         CARRY4 (Prop_carry4_CI_CO[3])
                                                      0.117    29.696 r  di_ex/B_OUT_reg[7]_i_21__0/CO[3]
                         net (fo=1, routed)           0.000    29.696    di_ex/B_OUT_reg[7]_i_21__0_n_0
    SLICE_X38Y24         CARRY4 (Prop_carry4_CI_CO[0])
                                                      0.254    29.950 r  di_ex/B_OUT_reg[7]_i_14__0/CO[0]
                         net (fo=26, routed)          1.292    31.242    di_ex/B_OUT_reg[7]_i_14__0_n_3
    SLICE_X35Y22         LUT5 (Prop_lut5_I0_O)        0.367    31.609 r  di_ex/B_OUT[7]_i_58__0/O
                         net (fo=1, routed)           0.000    31.609    di_ex/B_OUT[7]_i_58__0_n_0
    SLICE_X35Y22         CARRY4 (Prop_carry4_S[1]_CO[3])
                                                      0.550    32.159 r  di_ex/B_OUT_reg[7]_i_34__0/CO[3]
                         net (fo=1, routed)           0.000    32.159    di_ex/B_OUT_reg[7]_i_34__0_n_0
    SLICE_X35Y23         CARRY4 (Prop_carry4_CI_CO[3])
                                                      0.114    32.273 r  di_ex/B_OUT_reg[7]_i_22__0/CO[3]
                         net (fo=1, routed)           0.000    32.273    di_ex/B_OUT_reg[7]_i_22__0_n_0
    SLICE_X35Y24         CARRY4 (Prop_carry4_CI_CO[3])
                                                      0.114    32.387 r  di_ex/B_OUT_reg[7]_i_16__0/CO[3]
                         net (fo=1, routed)           0.009    32.396    di_ex/B_OUT_reg[7]_i_16__0_n_0
    SLICE_X35Y25         CARRY4 (Prop_carry4_CI_CO[3])
                                                      0.114    32.510 r  di_ex/B_OUT_reg[7]_i_13__0/CO[3]
                         net (fo=1, routed)           0.000    32.510    di_ex/B_OUT_reg[7]_i_13__0_n_0
    SLICE_X35Y26         CARRY4 (Prop_carry4_CI_CO[1])
                                                      0.157    32.667 r  di_ex/B_OUT_reg[7]_i_9__0/CO[1]
                         net (fo=30, routed)          1.531    34.198    di_ex/B_OUT_reg[7]_i_9__0_n_2
    SLICE_X33Y24         LUT3 (Prop_lut3_I1_O)        0.329    34.527 r  di_ex/B_OUT[6]_i_21/O
                         net (fo=1, routed)           0.000    34.527    di_ex/B_OUT[6]_i_21_n_0
    SLICE_X33Y24         CARRY4 (Prop_carry4_S[1]_CO[3])
                                                      0.550    35.077 r  di_ex/B_OUT_reg[6]_i_14__0/CO[3]
                         net (fo=1, routed)           0.009    35.086    di_ex/B_OUT_reg[6]_i_14__0_n_0
    SLICE_X33Y25         CARRY4 (Prop_carry4_CI_CO[3])
                                                      0.114    35.200 r  di_ex/B_OUT_reg[6]_i_9__0/CO[3]
                         net (fo=1, routed)           0.000    35.200    di_ex/B_OUT_reg[6]_i_9__0_n_0
    SLICE_X33Y26         CARRY4 (Prop_carry4_CI_CO[3])
                                                      0.114    35.314 r  di_ex/B_OUT_reg[6]_i_5/CO[3]
                         net (fo=1, routed)           0.000    35.314    di_ex/B_OUT_reg[6]_i_5_n_0
    SLICE_X33Y27         CARRY4 (Prop_carry4_CI_CO[1])
                                                      0.157    35.471 r  di_ex/B_OUT_reg[6]_i_3__1/CO[1]
                         net (fo=30, routed)          1.738    37.209    di_ex/res10_in[6]
    SLICE_X30Y21         LUT5 (Prop_lut5_I0_O)        0.329    37.538 r  di_ex/res1__728_carry_i_66/O
                         net (fo=1, routed)           0.000    37.538    di_ex/res1__728_carry_i_66_n_0
    SLICE_X30Y21         CARRY4 (Prop_carry4_S[1]_CO[3])
                                                      0.533    38.071 r  di_ex/res1__728_carry_i_52/CO[3]
                         net (fo=1, routed)           0.000    38.071    di_ex/res1__728_carry_i_52_n_0
    SLICE_X30Y22         CARRY4 (Prop_carry4_CI_CO[3])
                                                      0.117    38.188 r  di_ex/res1__728_carry__0_i_21/CO[3]
                         net (fo=1, routed)           0.000    38.188    di_ex/res1__728_carry__0_i_21_n_0
    SLICE_X30Y23         CARRY4 (Prop_carry4_CI_CO[3])
                                                      0.117    38.305 r  di_ex/B_OUT_reg[5]_i_9__0/CO[3]
                         net (fo=1, routed)           0.000    38.305    di_ex/B_OUT_reg[5]_i_9__0_n_0
    SLICE_X30Y24         CARRY4 (Prop_carry4_CI_CO[3])
                                                      0.117    38.422 r  di_ex/B_OUT_reg[5]_i_6/CO[3]
                         net (fo=1, routed)           0.009    38.431    di_ex/B_OUT_reg[5]_i_6_n_0
    SLICE_X30Y25         CARRY4 (Prop_carry4_CI_CO[1])
                                                      0.157    38.588 r  di_ex/B_OUT_reg[5]_i_5/CO[1]
                         net (fo=30, routed)          1.637    40.226    di_ex/res10_in[5]
    SLICE_X28Y22         LUT3 (Prop_lut3_I1_O)        0.332    40.558 r  di_ex/res1__728_carry__0_i_24/O
                         net (fo=1, routed)           0.000    40.558    di_ex/res1__728_carry__0_i_24_n_0
    SLICE_X28Y22         CARRY4 (Prop_carry4_S[1]_CO[3])
                                                      0.550    41.108 r  di_ex/res1__728_carry__0_i_16/CO[3]
                         net (fo=1, routed)           0.000    41.108    di_ex/res1__728_carry__0_i_16_n_0
    SLICE_X28Y23         CARRY4 (Prop_carry4_CI_CO[3])
                                                      0.114    41.222 r  di_ex/B_OUT_reg[4]_i_16__0/CO[3]
                         net (fo=1, routed)           0.000    41.222    di_ex/B_OUT_reg[4]_i_16__0_n_0
    SLICE_X28Y24         CARRY4 (Prop_carry4_CI_CO[3])
                                                      0.114    41.336 r  di_ex/B_OUT_reg[4]_i_13__0/CO[3]
                         net (fo=1, routed)           0.009    41.345    di_ex/B_OUT_reg[4]_i_13__0_n_0
    SLICE_X28Y25         CARRY4 (Prop_carry4_CI_CO[1])
                                                      0.157    41.502 r  di_ex/B_OUT_reg[4]_i_5/CO[1]
                         net (fo=30, routed)          1.568    43.070    di_ex/res10_in[4]
    SLICE_X32Y21         LUT5 (Prop_lut5_I0_O)        0.329    43.399 r  di_ex/res1__728_carry_i_42/O
                         net (fo=1, routed)           0.000    43.399    di_ex/res1__728_carry_i_42_n_0
    SLICE_X32Y21         CARRY4 (Prop_carry4_S[1]_CO[3])
                                                      0.550    43.949 r  di_ex/res1__728_carry_i_25/CO[3]
                         net (fo=1, routed)           0.000    43.949    di_ex/res1__728_carry_i_25_n_0
    SLICE_X32Y22         CARRY4 (Prop_carry4_CI_CO[3])
                                                      0.114    44.063 r  di_ex/res1__728_carry__0_i_11/CO[3]
                         net (fo=1, routed)           0.000    44.063    di_ex/res1__728_carry__0_i_11_n_0
    SLICE_X32Y23         CARRY4 (Prop_carry4_CI_CO[3])
                                                      0.114    44.177 r  di_ex/res1__728_carry_i_47/CO[3]
                         net (fo=1, routed)           0.000    44.177    di_ex/res1__728_carry_i_47_n_0
    SLICE_X32Y24         CARRY4 (Prop_carry4_CI_CO[3])
                                                      0.114    44.291 r  di_ex/res1__728_carry_i_35/CO[3]
                         net (fo=1, routed)           0.009    44.300    di_ex/res1__728_carry_i_35_n_0
    SLICE_X32Y25         CARRY4 (Prop_carry4_CI_CO[1])
                                                      0.157    44.457 r  di_ex/res1__728_carry_i_22/CO[1]
                         net (fo=30, routed)          1.681    46.138    di_ex/res10_in[3]
    SLICE_X35Y19         LUT2 (Prop_lut2_I1_O)        0.355    46.493 r  di_ex/res1__728_carry_i_26/O
                         net (fo=1, routed)           0.336    46.829    di_ex/res1__728_carry_i_26_n_0
    SLICE_X34Y19         CARRY4 (Prop_carry4_DI[1]_CO[3])
                                                      0.728    47.557 r  di_ex/res1__728_carry_i_11/CO[3]
                         net (fo=1, routed)           0.000    47.557    di_ex/res1__728_carry_i_11_n_0
    SLICE_X34Y20         CARRY4 (Prop_carry4_CI_CO[3])
                                                      0.117    47.674 r  di_ex/res1__728_carry__0_i_6/CO[3]
                         net (fo=1, routed)           0.000    47.674    di_ex/res1__728_carry__0_i_6_n_0
    SLICE_X34Y21         CARRY4 (Prop_carry4_CI_CO[3])
                                                      0.117    47.791 r  di_ex/res1__728_carry_i_30/CO[3]
                         net (fo=1, routed)           0.000    47.791    di_ex/res1__728_carry_i_30_n_0
    SLICE_X34Y22         CARRY4 (Prop_carry4_CI_CO[3])
                                                      0.117    47.908 r  di_ex/res1__728_carry_i_21/CO[3]
                         net (fo=1, routed)           0.000    47.908    di_ex/res1__728_carry_i_21_n_0
    SLICE_X34Y23         CARRY4 (Prop_carry4_CI_CO[1])
                                                      0.157    48.065 r  di_ex/res1__728_carry_i_8/CO[1]
                         net (fo=30, routed)          1.456    49.521    di_ex/res10_in[2]
    SLICE_X33Y19         LUT3 (Prop_lut3_I1_O)        0.332    49.853 r  di_ex/res1__728_carry__0_i_9/O
                         net (fo=1, routed)           0.000    49.853    di_ex/res1__728_carry__0_i_9_n_0
    SLICE_X33Y19         CARRY4 (Prop_carry4_S[1]_CO[3])
                                                      0.550    50.403 r  di_ex/res1__728_carry__0_i_1/CO[3]
                         net (fo=1, routed)           0.000    50.403    di_ex/res1__728_carry__0_i_1_n_0
    SLICE_X33Y20         CARRY4 (Prop_carry4_CI_CO[3])
                                                      0.114    50.517 r  di_ex/res1__728_carry__1_i_5/CO[3]
                         net (fo=1, routed)           0.000    50.517    di_ex/res1__728_carry__1_i_5_n_0
    SLICE_X33Y21         CARRY4 (Prop_carry4_CI_CO[3])
                                                      0.114    50.631 r  di_ex/res1__728_carry_i_7/CO[3]
                         net (fo=1, routed)           0.000    50.631    di_ex/res1__728_carry_i_7_n_0
    SLICE_X33Y22         CARRY4 (Prop_carry4_CI_CO[1])
                                                      0.157    50.788 r  di_ex/res1__728_carry_i_1/CO[1]
                         net (fo=29, routed)          1.517    52.305    di_ex/res1__728_carry_i_10_0[0]
    SLICE_X31Y18         LUT5 (Prop_lut5_I3_O)        0.329    52.634 r  di_ex/res1__728_carry_i_5/O
                         net (fo=1, routed)           0.000    52.634    alu/res1__728_carry__0_1[1]
    SLICE_X31Y18         CARRY4 (Prop_carry4_S[1]_CO[3])
                                                      0.550    53.184 r  alu/res1__728_carry/CO[3]
                         net (fo=1, routed)           0.000    53.184    alu/res1__728_carry_n_0
    SLICE_X31Y19         CARRY4 (Prop_carry4_CI_CO[3])
                                                      0.114    53.298 r  alu/res1__728_carry__0/CO[3]
                         net (fo=1, routed)           0.000    53.298    alu/res1__728_carry__0_n_0
    SLICE_X31Y20         CARRY4 (Prop_carry4_CI_CO[3])
                                                      0.114    53.412 r  alu/res1__728_carry__1/CO[3]
                         net (fo=1, routed)           0.000    53.412    alu/res1__728_carry__1_n_0
    SLICE_X31Y21         CARRY4 (Prop_carry4_CI_CO[3])
                                                      0.114    53.526 r  alu/res1__728_carry__2/CO[3]
                         net (fo=1, routed)           0.000    53.526    alu/res1__728_carry__2_n_0
    SLICE_X31Y22         CARRY4 (Prop_carry4_CI_CO[0])
                                                      0.271    53.797 f  alu/res1__728_carry__3/CO[0]
                         net (fo=2, routed)           0.833    54.630    di_ex/B_OUT_reg[0]_i_2__1_0[0]
    SLICE_X29Y22         LUT1 (Prop_lut1_I0_O)        0.373    55.003 r  di_ex/B_OUT[4]_i_8/O
                         net (fo=1, routed)           0.348    55.351    di_ex/B_OUT[4]_i_8_n_0
    SLICE_X31Y23         CARRY4 (Prop_carry4_CYINIT_CO[3])
                                                      0.580    55.931 r  di_ex/B_OUT_reg[4]_i_4/CO[3]
                         net (fo=1, routed)           0.000    55.931    di_ex/B_OUT_reg[4]_i_4_n_0
    SLICE_X31Y24         CARRY4 (Prop_carry4_CI_O[0])
                                                      0.222    56.153 r  di_ex/B_OUT_reg[7]_i_8__0/O[0]
                         net (fo=1, routed)           0.506    56.659    di_ex/res1[5]
    SLICE_X32Y20         LUT6 (Prop_lut6_I3_O)        0.299    56.958 r  di_ex/B_OUT[5]_i_4__0/O
                         net (fo=1, routed)           0.959    57.917    di_ex/B_OUT[5]_i_4__0_n_0
    SLICE_X29Y18         LUT4 (Prop_lut4_I1_O)        0.124    58.041 f  di_ex/B_OUT[5]_i_3/O
                         net (fo=3, routed)           0.442    58.482    di_ex/B_OUT[5]_i_3_n_0
    SLICE_X28Y16         LUT6 (Prop_lut6_I5_O)        0.124    58.606 r  di_ex/B_OUT[5]_rep_i_1/O
                         net (fo=1, routed)           0.000    58.606    ex_mem/B_OUT_reg[5]_rep_0
    SLICE_X28Y16         FDRE                                         r  ex_mem/B_OUT_reg[5]_rep/D
  -------------------------------------------------------------------    -------------------

                         (clock sysclk_pin rise edge)
                                                   1500.000  1500.000 r  
    W5                                                0.000  1500.000 r  CLK (IN)
                         net (fo=0)                   0.000  1500.000    CLK
    W5                   IBUF (Prop_ibuf_I_O)         1.388  1501.388 r  CLK_IBUF_inst/O
                         net (fo=1, routed)           1.862  1503.250    CLK_IBUF
    BUFGCTRL_X0Y0        BUFG (Prop_bufg_I_O)         0.091  1503.341 r  CLK_IBUF_BUFG_inst/O
                         net (fo=2293, routed)        1.440  1504.781    ex_mem/CLK
    SLICE_X28Y16         FDRE                                         r  ex_mem/B_OUT_reg[5]_rep/C
                         clock pessimism              0.260  1505.041    
                         clock uncertainty           -0.035  1505.006    
    SLICE_X28Y16         FDRE (Setup_fdre_C_D)        0.031  1505.037    ex_mem/B_OUT_reg[5]_rep
  -------------------------------------------------------------------
                         required time                       1505.037    
                         arrival time                         -58.606    
  -------------------------------------------------------------------
                         slack                               1446.431    

Slack (MET) :             1446.445ns  (required time - arrival time)
  Source:                 di_ex/C_OUT_reg[0]/C
                            (rising edge-triggered cell FDRE clocked by sysclk_pin  {rise@0.000ns fall@5.000ns period=1500.000ns})
  Destination:            ex_mem/B_OUT_reg[5]_rep__0/D
                            (rising edge-triggered cell FDRE clocked by sysclk_pin  {rise@0.000ns fall@5.000ns period=1500.000ns})
  Path Group:             sysclk_pin
  Path Type:              Setup (Max at Slow Process Corner)
  Requirement:            1500.000ns  (sysclk_pin rise@1500.000ns - sysclk_pin rise@0.000ns)
  Data Path Delay:        53.523ns  (logic 22.609ns (42.241%)  route 30.914ns (57.759%))
  Logic Levels:           88  (CARRY4=67 LUT1=1 LUT2=7 LUT3=5 LUT4=1 LUT5=4 LUT6=3)
  Clock Path Skew:        -0.027ns (DCD - SCD + CPR)
    Destination Clock Delay (DCD):    4.781ns = ( 1504.781 - 1500.000 ) 
    Source Clock Delay      (SCD):    5.068ns
    Clock Pessimism Removal (CPR):    0.260ns
  Clock Uncertainty:      0.035ns  ((TSJ^2 + TIJ^2)^1/2 + DJ) / 2 + PE
    Total System Jitter     (TSJ):    0.071ns
    Total Input Jitter      (TIJ):    0.000ns
    Discrete Jitter          (DJ):    0.000ns
    Phase Error              (PE):    0.000ns

    Location             Delay type                Incr(ns)  Path(ns)    Netlist Resource(s)
  -------------------------------------------------------------------    -------------------
                         (clock sysclk_pin rise edge)
                                                      0.000     0.000 r  
    W5                                                0.000     0.000 r  CLK (IN)
                         net (fo=0)                   0.000     0.000    CLK
    W5                   IBUF (Prop_ibuf_I_O)         1.458     1.458 r  CLK_IBUF_inst/O
                         net (fo=1, routed)           1.967     3.425    CLK_IBUF
    BUFGCTRL_X0Y0        BUFG (Prop_bufg_I_O)         0.096     3.521 r  CLK_IBUF_BUFG_inst/O
                         net (fo=2293, routed)        1.547     5.068    di_ex/CLK
    SLICE_X35Y27         FDRE                                         r  di_ex/C_OUT_reg[0]/C
  -------------------------------------------------------------------    -------------------
    SLICE_X35Y27         FDRE (Prop_fdre_C_Q)         0.456     5.524 r  di_ex/C_OUT_reg[0]/Q
                         net (fo=89, routed)          2.751     8.275    di_ex/c_di[0]
    SLICE_X32Y20         LUT6 (Prop_lut6_I2_O)        0.124     8.399 f  di_ex/res1_carry__0_i_9/O
                         net (fo=34, routed)          1.455     9.854    di_ex/res1_carry__0_i_9_n_0
    SLICE_X30Y27         LUT3 (Prop_lut3_I0_O)        0.124     9.978 r  di_ex/res1_carry__0_i_5/O
                         net (fo=1, routed)           0.000     9.978    alu/B_OUT[7]_i_143_0[3]
    SLICE_X30Y27         CARRY4 (Prop_carry4_S[3]_CO[3])
                                                      0.376    10.354 r  alu/res1_carry__0/CO[3]
                         net (fo=1, routed)           0.000    10.354    di_ex/CO[0]
    SLICE_X30Y28         CARRY4 (Prop_carry4_CI_CO[0])
                                                      0.254    10.608 r  di_ex/B_OUT_reg[7]_i_146/CO[0]
                         net (fo=12, routed)          1.327    11.935    di_ex/B_OUT_reg[7]_i_146_n_3
    SLICE_X31Y27         LUT3 (Prop_lut3_I1_O)        0.367    12.302 r  di_ex/B_OUT[7]_i_144/O
                         net (fo=1, routed)           0.000    12.302    di_ex/B_OUT[7]_i_144_n_0
    SLICE_X31Y27         CARRY4 (Prop_carry4_S[1]_CO[3])
                                                      0.550    12.852 r  di_ex/B_OUT_reg[7]_i_128/CO[3]
                         net (fo=1, routed)           0.000    12.852    di_ex/B_OUT_reg[7]_i_128_n_0
    SLICE_X31Y28         CARRY4 (Prop_carry4_CI_CO[2])
                                                      0.228    13.080 r  di_ex/B_OUT_reg[7]_i_134/CO[2]
                         net (fo=14, routed)          1.367    14.447    di_ex/B_OUT_reg[7]_i_134_n_1
    SLICE_X38Y25         LUT2 (Prop_lut2_I1_O)        0.313    14.760 r  di_ex/B_OUT[7]_i_138/O
                         net (fo=1, routed)           0.000    14.760    di_ex/B_OUT[7]_i_138_n_0
    SLICE_X38Y25         CARRY4 (Prop_carry4_S[1]_CO[3])
                                                      0.533    15.293 r  di_ex/B_OUT_reg[7]_i_114/CO[3]
                         net (fo=1, routed)           0.000    15.293    di_ex/B_OUT_reg[7]_i_114_n_0
    SLICE_X38Y26         CARRY4 (Prop_carry4_CI_CO[3])
                                                      0.117    15.410 r  di_ex/B_OUT_reg[7]_i_113/CO[3]
                         net (fo=1, routed)           0.000    15.410    di_ex/B_OUT_reg[7]_i_113_n_0
    SLICE_X38Y27         CARRY4 (Prop_carry4_CI_CO[3])
                                                      0.117    15.527 r  di_ex/B_OUT_reg[7]_i_119/CO[3]
                         net (fo=16, routed)          1.503    17.030    di_ex/B_OUT_reg[7]_i_119_n_0
    SLICE_X40Y25         LUT2 (Prop_lut2_I1_O)        0.124    17.154 r  di_ex/B_OUT[7]_i_123/O
                         net (fo=1, routed)           0.000    17.154    di_ex/B_OUT[7]_i_123_n_0
    SLICE_X40Y25         CARRY4 (Prop_carry4_S[1]_CO[3])
                                                      0.550    17.704 r  di_ex/B_OUT_reg[7]_i_99/CO[3]
                         net (fo=1, routed)           0.000    17.704    di_ex/B_OUT_reg[7]_i_99_n_0
    SLICE_X40Y26         CARRY4 (Prop_carry4_CI_CO[3])
                                                      0.114    17.818 r  di_ex/B_OUT_reg[7]_i_98/CO[3]
                         net (fo=1, routed)           0.000    17.818    di_ex/B_OUT_reg[7]_i_98_n_0
    SLICE_X40Y27         CARRY4 (Prop_carry4_CI_CO[3])
                                                      0.114    17.932 r  di_ex/B_OUT_reg[7]_i_112/CO[3]
                         net (fo=1, routed)           0.000    17.932    di_ex/B_OUT_reg[7]_i_112_n_0
    SLICE_X40Y28         CARRY4 (Prop_carry4_CI_CO[0])
                                                      0.271    18.203 r  di_ex/B_OUT_reg[7]_i_96/CO[0]
                         net (fo=18, routed)          1.480    19.683    di_ex/B_OUT_reg[7]_i_96_n_3
    SLICE_X36Y25         LUT2 (Prop_lut2_I1_O)        0.373    20.056 r  di_ex/B_OUT[7]_i_107__0/O
                         net (fo=1, routed)           0.000    20.056    di_ex/B_OUT[7]_i_107__0_n_0
    SLICE_X36Y25         CARRY4 (Prop_carry4_S[1]_CO[3])
                                                      0.550    20.606 r  di_ex/B_OUT_reg[7]_i_82/CO[3]
                         net (fo=1, routed)           0.000    20.606    di_ex/B_OUT_reg[7]_i_82_n_0
    SLICE_X36Y26         CARRY4 (Prop_carry4_CI_CO[3])
                                                      0.114    20.720 r  di_ex/B_OUT_reg[7]_i_81/CO[3]
                         net (fo=1, routed)           0.000    20.720    di_ex/B_OUT_reg[7]_i_81_n_0
    SLICE_X36Y27         CARRY4 (Prop_carry4_CI_CO[3])
                                                      0.114    20.834 r  di_ex/B_OUT_reg[7]_i_95/CO[3]
                         net (fo=1, routed)           0.000    20.834    di_ex/B_OUT_reg[7]_i_95_n_0
    SLICE_X36Y28         CARRY4 (Prop_carry4_CI_CO[1])
                                                      0.157    20.991 r  di_ex/B_OUT_reg[7]_i_78/CO[1]
                         net (fo=20, routed)          1.699    22.690    di_ex/B_OUT_reg[7]_i_78_n_2
    SLICE_X36Y21         LUT2 (Prop_lut2_I1_O)        0.329    23.019 r  di_ex/B_OUT[7]_i_90__0/O
                         net (fo=1, routed)           0.000    23.019    di_ex/B_OUT[7]_i_90__0_n_0
    SLICE_X36Y21         CARRY4 (Prop_carry4_S[1]_CO[3])
                                                      0.550    23.569 r  di_ex/B_OUT_reg[7]_i_64/CO[3]
                         net (fo=1, routed)           0.000    23.569    di_ex/B_OUT_reg[7]_i_64_n_0
    SLICE_X36Y22         CARRY4 (Prop_carry4_CI_CO[3])
                                                      0.114    23.683 r  di_ex/B_OUT_reg[7]_i_63/CO[3]
                         net (fo=1, routed)           0.000    23.683    di_ex/B_OUT_reg[7]_i_63_n_0
    SLICE_X36Y23         CARRY4 (Prop_carry4_CI_CO[3])
                                                      0.114    23.797 r  di_ex/B_OUT_reg[7]_i_77/CO[3]
                         net (fo=1, routed)           0.000    23.797    di_ex/B_OUT_reg[7]_i_77_n_0
    SLICE_X36Y24         CARRY4 (Prop_carry4_CI_CO[2])
                                                      0.228    24.025 r  di_ex/B_OUT_reg[7]_i_51__0/CO[2]
                         net (fo=22, routed)          1.616    25.641    di_ex/B_OUT_reg[7]_i_51__0_n_1
    SLICE_X40Y20         LUT2 (Prop_lut2_I1_O)        0.313    25.954 r  di_ex/B_OUT[7]_i_72__0/O
                         net (fo=1, routed)           0.000    25.954    di_ex/B_OUT[7]_i_72__0_n_0
    SLICE_X40Y20         CARRY4 (Prop_carry4_S[1]_CO[3])
                                                      0.550    26.504 r  di_ex/B_OUT_reg[7]_i_41__0/CO[3]
                         net (fo=1, routed)           0.000    26.504    di_ex/B_OUT_reg[7]_i_41__0_n_0
    SLICE_X40Y21         CARRY4 (Prop_carry4_CI_CO[3])
                                                      0.114    26.618 r  di_ex/B_OUT_reg[7]_i_40__0/CO[3]
                         net (fo=1, routed)           0.000    26.618    di_ex/B_OUT_reg[7]_i_40__0_n_0
    SLICE_X40Y22         CARRY4 (Prop_carry4_CI_CO[3])
                                                      0.114    26.732 r  di_ex/B_OUT_reg[7]_i_50__0/CO[3]
                         net (fo=1, routed)           0.000    26.732    di_ex/B_OUT_reg[7]_i_50__0_n_0
    SLICE_X40Y23         CARRY4 (Prop_carry4_CI_CO[3])
                                                      0.114    26.846 r  di_ex/B_OUT_reg[7]_i_29__0/CO[3]
                         net (fo=24, routed)          1.842    28.688    di_ex/B_OUT_reg[7]_i_29__0_n_0
    SLICE_X38Y20         LUT2 (Prop_lut2_I1_O)        0.124    28.812 r  di_ex/B_OUT[7]_i_62__0/O
                         net (fo=1, routed)           0.000    28.812    di_ex/B_OUT[7]_i_62__0_n_0
    SLICE_X38Y20         CARRY4 (Prop_carry4_S[1]_CO[3])
                                                      0.533    29.345 r  di_ex/B_OUT_reg[7]_i_35__0/CO[3]
                         net (fo=1, routed)           0.000    29.345    di_ex/B_OUT_reg[7]_i_35__0_n_0
    SLICE_X38Y21         CARRY4 (Prop_carry4_CI_CO[3])
                                                      0.117    29.462 r  di_ex/B_OUT_reg[7]_i_23__0/CO[3]
                         net (fo=1, routed)           0.000    29.462    di_ex/B_OUT_reg[7]_i_23__0_n_0
    SLICE_X38Y22         CARRY4 (Prop_carry4_CI_CO[3])
                                                      0.117    29.579 r  di_ex/B_OUT_reg[7]_i_28__0/CO[3]
                         net (fo=1, routed)           0.000    29.579    di_ex/B_OUT_reg[7]_i_28__0_n_0
    SLICE_X38Y23         CARRY4 (Prop_carry4_CI_CO[3])
                                                      0.117    29.696 r  di_ex/B_OUT_reg[7]_i_21__0/CO[3]
                         net (fo=1, routed)           0.000    29.696    di_ex/B_OUT_reg[7]_i_21__0_n_0
    SLICE_X38Y24         CARRY4 (Prop_carry4_CI_CO[0])
                                                      0.254    29.950 r  di_ex/B_OUT_reg[7]_i_14__0/CO[0]
                         net (fo=26, routed)          1.292    31.242    di_ex/B_OUT_reg[7]_i_14__0_n_3
    SLICE_X35Y22         LUT5 (Prop_lut5_I0_O)        0.367    31.609 r  di_ex/B_OUT[7]_i_58__0/O
                         net (fo=1, routed)           0.000    31.609    di_ex/B_OUT[7]_i_58__0_n_0
    SLICE_X35Y22         CARRY4 (Prop_carry4_S[1]_CO[3])
                                                      0.550    32.159 r  di_ex/B_OUT_reg[7]_i_34__0/CO[3]
                         net (fo=1, routed)           0.000    32.159    di_ex/B_OUT_reg[7]_i_34__0_n_0
    SLICE_X35Y23         CARRY4 (Prop_carry4_CI_CO[3])
                                                      0.114    32.273 r  di_ex/B_OUT_reg[7]_i_22__0/CO[3]
                         net (fo=1, routed)           0.000    32.273    di_ex/B_OUT_reg[7]_i_22__0_n_0
    SLICE_X35Y24         CARRY4 (Prop_carry4_CI_CO[3])
                                                      0.114    32.387 r  di_ex/B_OUT_reg[7]_i_16__0/CO[3]
                         net (fo=1, routed)           0.009    32.396    di_ex/B_OUT_reg[7]_i_16__0_n_0
    SLICE_X35Y25         CARRY4 (Prop_carry4_CI_CO[3])
                                                      0.114    32.510 r  di_ex/B_OUT_reg[7]_i_13__0/CO[3]
                         net (fo=1, routed)           0.000    32.510    di_ex/B_OUT_reg[7]_i_13__0_n_0
    SLICE_X35Y26         CARRY4 (Prop_carry4_CI_CO[1])
                                                      0.157    32.667 r  di_ex/B_OUT_reg[7]_i_9__0/CO[1]
                         net (fo=30, routed)          1.531    34.198    di_ex/B_OUT_reg[7]_i_9__0_n_2
    SLICE_X33Y24         LUT3 (Prop_lut3_I1_O)        0.329    34.527 r  di_ex/B_OUT[6]_i_21/O
                         net (fo=1, routed)           0.000    34.527    di_ex/B_OUT[6]_i_21_n_0
    SLICE_X33Y24         CARRY4 (Prop_carry4_S[1]_CO[3])
                                                      0.550    35.077 r  di_ex/B_OUT_reg[6]_i_14__0/CO[3]
                         net (fo=1, routed)           0.009    35.086    di_ex/B_OUT_reg[6]_i_14__0_n_0
    SLICE_X33Y25         CARRY4 (Prop_carry4_CI_CO[3])
                                                      0.114    35.200 r  di_ex/B_OUT_reg[6]_i_9__0/CO[3]
                         net (fo=1, routed)           0.000    35.200    di_ex/B_OUT_reg[6]_i_9__0_n_0
    SLICE_X33Y26         CARRY4 (Prop_carry4_CI_CO[3])
                                                      0.114    35.314 r  di_ex/B_OUT_reg[6]_i_5/CO[3]
                         net (fo=1, routed)           0.000    35.314    di_ex/B_OUT_reg[6]_i_5_n_0
    SLICE_X33Y27         CARRY4 (Prop_carry4_CI_CO[1])
                                                      0.157    35.471 r  di_ex/B_OUT_reg[6]_i_3__1/CO[1]
                         net (fo=30, routed)          1.738    37.209    di_ex/res10_in[6]
    SLICE_X30Y21         LUT5 (Prop_lut5_I0_O)        0.329    37.538 r  di_ex/res1__728_carry_i_66/O
                         net (fo=1, routed)           0.000    37.538    di_ex/res1__728_carry_i_66_n_0
    SLICE_X30Y21         CARRY4 (Prop_carry4_S[1]_CO[3])
                                                      0.533    38.071 r  di_ex/res1__728_carry_i_52/CO[3]
                         net (fo=1, routed)           0.000    38.071    di_ex/res1__728_carry_i_52_n_0
    SLICE_X30Y22         CARRY4 (Prop_carry4_CI_CO[3])
                                                      0.117    38.188 r  di_ex/res1__728_carry__0_i_21/CO[3]
                         net (fo=1, routed)           0.000    38.188    di_ex/res1__728_carry__0_i_21_n_0
    SLICE_X30Y23         CARRY4 (Prop_carry4_CI_CO[3])
                                                      0.117    38.305 r  di_ex/B_OUT_reg[5]_i_9__0/CO[3]
                         net (fo=1, routed)           0.000    38.305    di_ex/B_OUT_reg[5]_i_9__0_n_0
    SLICE_X30Y24         CARRY4 (Prop_carry4_CI_CO[3])
                                                      0.117    38.422 r  di_ex/B_OUT_reg[5]_i_6/CO[3]
                         net (fo=1, routed)           0.009    38.431    di_ex/B_OUT_reg[5]_i_6_n_0
    SLICE_X30Y25         CARRY4 (Prop_carry4_CI_CO[1])
                                                      0.157    38.588 r  di_ex/B_OUT_reg[5]_i_5/CO[1]
                         net (fo=30, routed)          1.637    40.226    di_ex/res10_in[5]
    SLICE_X28Y22         LUT3 (Prop_lut3_I1_O)        0.332    40.558 r  di_ex/res1__728_carry__0_i_24/O
                         net (fo=1, routed)           0.000    40.558    di_ex/res1__728_carry__0_i_24_n_0
    SLICE_X28Y22         CARRY4 (Prop_carry4_S[1]_CO[3])
                                                      0.550    41.108 r  di_ex/res1__728_carry__0_i_16/CO[3]
                         net (fo=1, routed)           0.000    41.108    di_ex/res1__728_carry__0_i_16_n_0
    SLICE_X28Y23         CARRY4 (Prop_carry4_CI_CO[3])
                                                      0.114    41.222 r  di_ex/B_OUT_reg[4]_i_16__0/CO[3]
                         net (fo=1, routed)           0.000    41.222    di_ex/B_OUT_reg[4]_i_16__0_n_0
    SLICE_X28Y24         CARRY4 (Prop_carry4_CI_CO[3])
                                                      0.114    41.336 r  di_ex/B_OUT_reg[4]_i_13__0/CO[3]
                         net (fo=1, routed)           0.009    41.345    di_ex/B_OUT_reg[4]_i_13__0_n_0
    SLICE_X28Y25         CARRY4 (Prop_carry4_CI_CO[1])
                                                      0.157    41.502 r  di_ex/B_OUT_reg[4]_i_5/CO[1]
                         net (fo=30, routed)          1.568    43.070    di_ex/res10_in[4]
    SLICE_X32Y21         LUT5 (Prop_lut5_I0_O)        0.329    43.399 r  di_ex/res1__728_carry_i_42/O
                         net (fo=1, routed)           0.000    43.399    di_ex/res1__728_carry_i_42_n_0
    SLICE_X32Y21         CARRY4 (Prop_carry4_S[1]_CO[3])
                                                      0.550    43.949 r  di_ex/res1__728_carry_i_25/CO[3]
                         net (fo=1, routed)           0.000    43.949    di_ex/res1__728_carry_i_25_n_0
    SLICE_X32Y22         CARRY4 (Prop_carry4_CI_CO[3])
                                                      0.114    44.063 r  di_ex/res1__728_carry__0_i_11/CO[3]
                         net (fo=1, routed)           0.000    44.063    di_ex/res1__728_carry__0_i_11_n_0
    SLICE_X32Y23         CARRY4 (Prop_carry4_CI_CO[3])
                                                      0.114    44.177 r  di_ex/res1__728_carry_i_47/CO[3]
                         net (fo=1, routed)           0.000    44.177    di_ex/res1__728_carry_i_47_n_0
    SLICE_X32Y24         CARRY4 (Prop_carry4_CI_CO[3])
                                                      0.114    44.291 r  di_ex/res1__728_carry_i_35/CO[3]
                         net (fo=1, routed)           0.009    44.300    di_ex/res1__728_carry_i_35_n_0
    SLICE_X32Y25         CARRY4 (Prop_carry4_CI_CO[1])
                                                      0.157    44.457 r  di_ex/res1__728_carry_i_22/CO[1]
                         net (fo=30, routed)          1.681    46.138    di_ex/res10_in[3]
    SLICE_X35Y19         LUT2 (Prop_lut2_I1_O)        0.355    46.493 r  di_ex/res1__728_carry_i_26/O
                         net (fo=1, routed)           0.336    46.829    di_ex/res1__728_carry_i_26_n_0
    SLICE_X34Y19         CARRY4 (Prop_carry4_DI[1]_CO[3])
                                                      0.728    47.557 r  di_ex/res1__728_carry_i_11/CO[3]
                         net (fo=1, routed)           0.000    47.557    di_ex/res1__728_carry_i_11_n_0
    SLICE_X34Y20         CARRY4 (Prop_carry4_CI_CO[3])
                                                      0.117    47.674 r  di_ex/res1__728_carry__0_i_6/CO[3]
                         net (fo=1, routed)           0.000    47.674    di_ex/res1__728_carry__0_i_6_n_0
    SLICE_X34Y21         CARRY4 (Prop_carry4_CI_CO[3])
                                                      0.117    47.791 r  di_ex/res1__728_carry_i_30/CO[3]
                         net (fo=1, routed)           0.000    47.791    di_ex/res1__728_carry_i_30_n_0
    SLICE_X34Y22         CARRY4 (Prop_carry4_CI_CO[3])
                                                      0.117    47.908 r  di_ex/res1__728_carry_i_21/CO[3]
                         net (fo=1, routed)           0.000    47.908    di_ex/res1__728_carry_i_21_n_0
    SLICE_X34Y23         CARRY4 (Prop_carry4_CI_CO[1])
                                                      0.157    48.065 r  di_ex/res1__728_carry_i_8/CO[1]
                         net (fo=30, routed)          1.456    49.521    di_ex/res10_in[2]
    SLICE_X33Y19         LUT3 (Prop_lut3_I1_O)        0.332    49.853 r  di_ex/res1__728_carry__0_i_9/O
                         net (fo=1, routed)           0.000    49.853    di_ex/res1__728_carry__0_i_9_n_0
    SLICE_X33Y19         CARRY4 (Prop_carry4_S[1]_CO[3])
                                                      0.550    50.403 r  di_ex/res1__728_carry__0_i_1/CO[3]
                         net (fo=1, routed)           0.000    50.403    di_ex/res1__728_carry__0_i_1_n_0
    SLICE_X33Y20         CARRY4 (Prop_carry4_CI_CO[3])
                                                      0.114    50.517 r  di_ex/res1__728_carry__1_i_5/CO[3]
                         net (fo=1, routed)           0.000    50.517    di_ex/res1__728_carry__1_i_5_n_0
    SLICE_X33Y21         CARRY4 (Prop_carry4_CI_CO[3])
                                                      0.114    50.631 r  di_ex/res1__728_carry_i_7/CO[3]
                         net (fo=1, routed)           0.000    50.631    di_ex/res1__728_carry_i_7_n_0
    SLICE_X33Y22         CARRY4 (Prop_carry4_CI_CO[1])
                                                      0.157    50.788 r  di_ex/res1__728_carry_i_1/CO[1]
                         net (fo=29, routed)          1.517    52.305    di_ex/res1__728_carry_i_10_0[0]
    SLICE_X31Y18         LUT5 (Prop_lut5_I3_O)        0.329    52.634 r  di_ex/res1__728_carry_i_5/O
                         net (fo=1, routed)           0.000    52.634    alu/res1__728_carry__0_1[1]
    SLICE_X31Y18         CARRY4 (Prop_carry4_S[1]_CO[3])
                                                      0.550    53.184 r  alu/res1__728_carry/CO[3]
                         net (fo=1, routed)           0.000    53.184    alu/res1__728_carry_n_0
    SLICE_X31Y19         CARRY4 (Prop_carry4_CI_CO[3])
                                                      0.114    53.298 r  alu/res1__728_carry__0/CO[3]
                         net (fo=1, routed)           0.000    53.298    alu/res1__728_carry__0_n_0
    SLICE_X31Y20         CARRY4 (Prop_carry4_CI_CO[3])
                                                      0.114    53.412 r  alu/res1__728_carry__1/CO[3]
                         net (fo=1, routed)           0.000    53.412    alu/res1__728_carry__1_n_0
    SLICE_X31Y21         CARRY4 (Prop_carry4_CI_CO[3])
                                                      0.114    53.526 r  alu/res1__728_carry__2/CO[3]
                         net (fo=1, routed)           0.000    53.526    alu/res1__728_carry__2_n_0
    SLICE_X31Y22         CARRY4 (Prop_carry4_CI_CO[0])
                                                      0.271    53.797 f  alu/res1__728_carry__3/CO[0]
                         net (fo=2, routed)           0.833    54.630    di_ex/B_OUT_reg[0]_i_2__1_0[0]
    SLICE_X29Y22         LUT1 (Prop_lut1_I0_O)        0.373    55.003 r  di_ex/B_OUT[4]_i_8/O
                         net (fo=1, routed)           0.348    55.351    di_ex/B_OUT[4]_i_8_n_0
    SLICE_X31Y23         CARRY4 (Prop_carry4_CYINIT_CO[3])
                                                      0.580    55.931 r  di_ex/B_OUT_reg[4]_i_4/CO[3]
                         net (fo=1, routed)           0.000    55.931    di_ex/B_OUT_reg[4]_i_4_n_0
    SLICE_X31Y24         CARRY4 (Prop_carry4_CI_O[0])
                                                      0.222    56.153 r  di_ex/B_OUT_reg[7]_i_8__0/O[0]
                         net (fo=1, routed)           0.506    56.659    di_ex/res1[5]
    SLICE_X32Y20         LUT6 (Prop_lut6_I3_O)        0.299    56.958 r  di_ex/B_OUT[5]_i_4__0/O
                         net (fo=1, routed)           0.959    57.917    di_ex/B_OUT[5]_i_4__0_n_0
    SLICE_X29Y18         LUT4 (Prop_lut4_I1_O)        0.124    58.041 f  di_ex/B_OUT[5]_i_3/O
                         net (fo=3, routed)           0.427    58.468    di_ex/B_OUT[5]_i_3_n_0
    SLICE_X29Y16         LUT6 (Prop_lut6_I5_O)        0.124    58.592 r  di_ex/B_OUT[5]_rep__0_i_1/O
                         net (fo=1, routed)           0.000    58.592    ex_mem/B_OUT_reg[5]_rep__0_0
    SLICE_X29Y16         FDRE                                         r  ex_mem/B_OUT_reg[5]_rep__0/D
  -------------------------------------------------------------------    -------------------

                         (clock sysclk_pin rise edge)
                                                   1500.000  1500.000 r  
    W5                                                0.000  1500.000 r  CLK (IN)
                         net (fo=0)                   0.000  1500.000    CLK
    W5                   IBUF (Prop_ibuf_I_O)         1.388  1501.388 r  CLK_IBUF_inst/O
                         net (fo=1, routed)           1.862  1503.250    CLK_IBUF
    BUFGCTRL_X0Y0        BUFG (Prop_bufg_I_O)         0.091  1503.341 r  CLK_IBUF_BUFG_inst/O
                         net (fo=2293, routed)        1.440  1504.781    ex_mem/CLK
    SLICE_X29Y16         FDRE                                         r  ex_mem/B_OUT_reg[5]_rep__0/C
                         clock pessimism              0.260  1505.041    
                         clock uncertainty           -0.035  1505.006    
    SLICE_X29Y16         FDRE (Setup_fdre_C_D)        0.031  1505.037    ex_mem/B_OUT_reg[5]_rep__0
  -------------------------------------------------------------------
                         required time                       1505.037    
                         arrival time                         -58.592    
  -------------------------------------------------------------------
                         slack                               1446.445    





Min Delay Paths
--------------------------------------------------------------------------------------
Slack (MET) :             0.043ns  (arrival time - required time)
  Source:                 ex_mem/B_OUT_reg[6]_rep__0/C
                            (rising edge-triggered cell FDRE clocked by sysclk_pin  {rise@0.000ns fall@5.000ns period=1500.000ns})
  Destination:            data_mem/data_reg[92][6]/D
                            (rising edge-triggered cell FDRE clocked by sysclk_pin  {rise@0.000ns fall@5.000ns period=1500.000ns})
  Path Group:             sysclk_pin
  Path Type:              Hold (Min at Fast Process Corner)
  Requirement:            0.000ns  (sysclk_pin rise@0.000ns - sysclk_pin rise@0.000ns)
  Data Path Delay:        0.383ns  (logic 0.141ns (36.788%)  route 0.242ns (63.212%))
  Logic Levels:           0  
  Clock Path Skew:        0.265ns (DCD - SCD - CPR)
    Destination Clock Delay (DCD):    1.953ns
    Source Clock Delay      (SCD):    1.439ns
    Clock Pessimism Removal (CPR):    0.249ns

    Location             Delay type                Incr(ns)  Path(ns)    Netlist Resource(s)
  -------------------------------------------------------------------    -------------------
                         (clock sysclk_pin rise edge)
                                                      0.000     0.000 r  
    W5                                                0.000     0.000 r  CLK (IN)
                         net (fo=0)                   0.000     0.000    CLK
    W5                   IBUF (Prop_ibuf_I_O)         0.226     0.226 r  CLK_IBUF_inst/O
                         net (fo=1, routed)           0.631     0.858    CLK_IBUF
    BUFGCTRL_X0Y0        BUFG (Prop_bufg_I_O)         0.026     0.884 r  CLK_IBUF_BUFG_inst/O
                         net (fo=2293, routed)        0.556     1.439    ex_mem/CLK
    SLICE_X35Y17         FDRE                                         r  ex_mem/B_OUT_reg[6]_rep__0/C
  -------------------------------------------------------------------    -------------------
    SLICE_X35Y17         FDRE (Prop_fdre_C_Q)         0.141     1.580 r  ex_mem/B_OUT_reg[6]_rep__0/Q
                         net (fo=97, routed)          0.242     1.822    data_mem/D[6]
    SLICE_X37Y15         FDRE                                         r  data_mem/data_reg[92][6]/D
  -------------------------------------------------------------------    -------------------

                         (clock sysclk_pin rise edge)
                                                      0.000     0.000 r  
    W5                                                0.000     0.000 r  CLK (IN)
                         net (fo=0)                   0.000     0.000    CLK
    W5                   IBUF (Prop_ibuf_I_O)         0.414     0.414 r  CLK_IBUF_inst/O
                         net (fo=1, routed)           0.685     1.099    CLK_IBUF
    BUFGCTRL_X0Y0        BUFG (Prop_bufg_I_O)         0.029     1.128 r  CLK_IBUF_BUFG_inst/O
                         net (fo=2293, routed)        0.826     1.953    data_mem/CLK_IBUF_BUFG
    SLICE_X37Y15         FDRE                                         r  data_mem/data_reg[92][6]/C
                         clock pessimism             -0.249     1.704    
    SLICE_X37Y15         FDRE (Hold_fdre_C_D)         0.075     1.779    data_mem/data_reg[92][6]
  -------------------------------------------------------------------
                         required time                         -1.779    
                         arrival time                           1.822    
  -------------------------------------------------------------------
                         slack                                  0.043    

Slack (MET) :             0.051ns  (arrival time - required time)
  Source:                 ex_mem/B_OUT_reg[4]_rep__0/C
                            (rising edge-triggered cell FDRE clocked by sysclk_pin  {rise@0.000ns fall@5.000ns period=1500.000ns})
  Destination:            data_mem/data_reg[92][4]/D
                            (rising edge-triggered cell FDRE clocked by sysclk_pin  {rise@0.000ns fall@5.000ns period=1500.000ns})
  Path Group:             sysclk_pin
  Path Type:              Hold (Min at Fast Process Corner)
  Requirement:            0.000ns  (sysclk_pin rise@0.000ns - sysclk_pin rise@0.000ns)
  Data Path Delay:        0.387ns  (logic 0.141ns (36.451%)  route 0.246ns (63.549%))
  Logic Levels:           0  
  Clock Path Skew:        0.264ns (DCD - SCD - CPR)
    Destination Clock Delay (DCD):    1.953ns
    Source Clock Delay      (SCD):    1.440ns
    Clock Pessimism Removal (CPR):    0.249ns

    Location             Delay type                Incr(ns)  Path(ns)    Netlist Resource(s)
  -------------------------------------------------------------------    -------------------
                         (clock sysclk_pin rise edge)
                                                      0.000     0.000 r  
    W5                                                0.000     0.000 r  CLK (IN)
                         net (fo=0)                   0.000     0.000    CLK
    W5                   IBUF (Prop_ibuf_I_O)         0.226     0.226 r  CLK_IBUF_inst/O
                         net (fo=1, routed)           0.631     0.858    CLK_IBUF
    BUFGCTRL_X0Y0        BUFG (Prop_bufg_I_O)         0.026     0.884 r  CLK_IBUF_BUFG_inst/O
                         net (fo=2293, routed)        0.557     1.440    ex_mem/CLK
    SLICE_X32Y17         FDRE                                         r  ex_mem/B_OUT_reg[4]_rep__0/C
  -------------------------------------------------------------------    -------------------
    SLICE_X32Y17         FDRE (Prop_fdre_C_Q)         0.141     1.581 r  ex_mem/B_OUT_reg[4]_rep__0/Q
                         net (fo=85, routed)          0.246     1.827    data_mem/data_reg[81][6]_0[0]
    SLICE_X37Y15         FDRE                                         r  data_mem/data_reg[92][4]/D
  -------------------------------------------------------------------    -------------------

                         (clock sysclk_pin rise edge)
                                                      0.000     0.000 r  
    W5                                                0.000     0.000 r  CLK (IN)
                         net (fo=0)                   0.000     0.000    CLK
    W5                   IBUF (Prop_ibuf_I_O)         0.414     0.414 r  CLK_IBUF_inst/O
                         net (fo=1, routed)           0.685     1.099    CLK_IBUF
    BUFGCTRL_X0Y0        BUFG (Prop_bufg_I_O)         0.029     1.128 r  CLK_IBUF_BUFG_inst/O
                         net (fo=2293, routed)        0.826     1.953    data_mem/CLK_IBUF_BUFG
    SLICE_X37Y15         FDRE                                         r  data_mem/data_reg[92][4]/C
                         clock pessimism             -0.249     1.704    
    SLICE_X37Y15         FDRE (Hold_fdre_C_D)         0.072     1.776    data_mem/data_reg[92][4]
  -------------------------------------------------------------------
                         required time                         -1.776    
                         arrival time                           1.827    
  -------------------------------------------------------------------
                         slack                                  0.051    

Slack (MET) :             0.053ns  (arrival time - required time)
  Source:                 ex_mem/B_OUT_reg[3]/C
                            (rising edge-triggered cell FDRE clocked by sysclk_pin  {rise@0.000ns fall@5.000ns period=1500.000ns})
  Destination:            data_mem/data_reg[87][3]/D
                            (rising edge-triggered cell FDRE clocked by sysclk_pin  {rise@0.000ns fall@5.000ns period=1500.000ns})
  Path Group:             sysclk_pin
  Path Type:              Hold (Min at Fast Process Corner)
  Requirement:            0.000ns  (sysclk_pin rise@0.000ns - sysclk_pin rise@0.000ns)
  Data Path Delay:        0.375ns  (logic 0.164ns (43.721%)  route 0.211ns (56.279%))
  Logic Levels:           0  
  Clock Path Skew:        0.263ns (DCD - SCD - CPR)
    Destination Clock Delay (DCD):    1.950ns
    Source Clock Delay      (SCD):    1.438ns
    Clock Pessimism Removal (CPR):    0.249ns

    Location             Delay type                Incr(ns)  Path(ns)    Netlist Resource(s)
  -------------------------------------------------------------------    -------------------
                         (clock sysclk_pin rise edge)
                                                      0.000     0.000 r  
    W5                                                0.000     0.000 r  CLK (IN)
                         net (fo=0)                   0.000     0.000    CLK
    W5                   IBUF (Prop_ibuf_I_O)         0.226     0.226 r  CLK_IBUF_inst/O
                         net (fo=1, routed)           0.631     0.858    CLK_IBUF
    BUFGCTRL_X0Y0        BUFG (Prop_bufg_I_O)         0.026     0.884 r  CLK_IBUF_BUFG_inst/O
                         net (fo=2293, routed)        0.555     1.438    ex_mem/CLK
    SLICE_X30Y19         FDRE                                         r  ex_mem/B_OUT_reg[3]/C
  -------------------------------------------------------------------    -------------------
    SLICE_X30Y19         FDRE (Prop_fdre_C_Q)         0.164     1.602 r  ex_mem/B_OUT_reg[3]/Q
                         net (fo=88, routed)          0.211     1.813    data_mem/data_reg[69][7]_0[3]
    SLICE_X38Y18         FDRE                                         r  data_mem/data_reg[87][3]/D
  -------------------------------------------------------------------    -------------------

                         (clock sysclk_pin rise edge)
                                                      0.000     0.000 r  
    W5                                                0.000     0.000 r  CLK (IN)
                         net (fo=0)                   0.000     0.000    CLK
    W5                   IBUF (Prop_ibuf_I_O)         0.414     0.414 r  CLK_IBUF_inst/O
                         net (fo=1, routed)           0.685     1.099    CLK_IBUF
    BUFGCTRL_X0Y0        BUFG (Prop_bufg_I_O)         0.029     1.128 r  CLK_IBUF_BUFG_inst/O
                         net (fo=2293, routed)        0.823     1.950    data_mem/CLK_IBUF_BUFG
    SLICE_X38Y18         FDRE                                         r  data_mem/data_reg[87][3]/C
                         clock pessimism             -0.249     1.701    
    SLICE_X38Y18         FDRE (Hold_fdre_C_D)         0.059     1.760    data_mem/data_reg[87][3]
  -------------------------------------------------------------------
                         required time                         -1.760    
                         arrival time                           1.813    
  -------------------------------------------------------------------
                         slack                                  0.053    

Slack (MET) :             0.071ns  (arrival time - required time)
  Source:                 ex_mem/B_OUT_reg[2]_rep/C
                            (rising edge-triggered cell FDRE clocked by sysclk_pin  {rise@0.000ns fall@5.000ns period=1500.000ns})
  Destination:            data_mem/data_reg[112][2]/D
                            (rising edge-triggered cell FDRE clocked by sysclk_pin  {rise@0.000ns fall@5.000ns period=1500.000ns})
  Path Group:             sysclk_pin
  Path Type:              Hold (Min at Fast Process Corner)
  Requirement:            0.000ns  (sysclk_pin rise@0.000ns - sysclk_pin rise@0.000ns)
  Data Path Delay:        0.406ns  (logic 0.141ns (34.690%)  route 0.265ns (65.310%))
  Logic Levels:           0  
  Clock Path Skew:        0.269ns (DCD - SCD - CPR)
    Destination Clock Delay (DCD):    1.955ns
    Source Clock Delay      (SCD):    1.437ns
    Clock Pessimism Removal (CPR):    0.249ns

    Location             Delay type                Incr(ns)  Path(ns)    Netlist Resource(s)
  -------------------------------------------------------------------    -------------------
                         (clock sysclk_pin rise edge)
                                                      0.000     0.000 r  
    W5                                                0.000     0.000 r  CLK (IN)
                         net (fo=0)                   0.000     0.000    CLK
    W5                   IBUF (Prop_ibuf_I_O)         0.226     0.226 r  CLK_IBUF_inst/O
                         net (fo=1, routed)           0.631     0.858    CLK_IBUF
    BUFGCTRL_X0Y0        BUFG (Prop_bufg_I_O)         0.026     0.884 r  CLK_IBUF_BUFG_inst/O
                         net (fo=2293, routed)        0.554     1.437    ex_mem/CLK
    SLICE_X35Y19         FDRE                                         r  ex_mem/B_OUT_reg[2]_rep/C
  -------------------------------------------------------------------    -------------------
    SLICE_X35Y19         FDRE (Prop_fdre_C_Q)         0.141     1.578 r  ex_mem/B_OUT_reg[2]_rep/Q
                         net (fo=85, routed)          0.265     1.844    data_mem/D[2]
    SLICE_X47Y15         FDRE                                         r  data_mem/data_reg[112][2]/D
  -------------------------------------------------------------------    -------------------

                         (clock sysclk_pin rise edge)
                                                      0.000     0.000 r  
    W5                                                0.000     0.000 r  CLK (IN)
                         net (fo=0)                   0.000     0.000    CLK
    W5                   IBUF (Prop_ibuf_I_O)         0.414     0.414 r  CLK_IBUF_inst/O
                         net (fo=1, routed)           0.685     1.099    CLK_IBUF
    BUFGCTRL_X0Y0        BUFG (Prop_bufg_I_O)         0.029     1.128 r  CLK_IBUF_BUFG_inst/O
                         net (fo=2293, routed)        0.828     1.955    data_mem/CLK_IBUF_BUFG
    SLICE_X47Y15         FDRE                                         r  data_mem/data_reg[112][2]/C
                         clock pessimism             -0.249     1.706    
    SLICE_X47Y15         FDRE (Hold_fdre_C_D)         0.066     1.772    data_mem/data_reg[112][2]
  -------------------------------------------------------------------
                         required time                         -1.772    
                         arrival time                           1.844    
  -------------------------------------------------------------------
                         slack                                  0.071    

Slack (MET) :             0.079ns  (arrival time - required time)
  Source:                 ex_mem/B_OUT_reg[3]_rep__0/C
                            (rising edge-triggered cell FDRE clocked by sysclk_pin  {rise@0.000ns fall@5.000ns period=1500.000ns})
  Destination:            data_mem/data_reg[90][3]/D
                            (rising edge-triggered cell FDRE clocked by sysclk_pin  {rise@0.000ns fall@5.000ns period=1500.000ns})
  Path Group:             sysclk_pin
  Path Type:              Hold (Min at Fast Process Corner)
  Requirement:            0.000ns  (sysclk_pin rise@0.000ns - sysclk_pin rise@0.000ns)
  Data Path Delay:        0.408ns  (logic 0.164ns (40.171%)  route 0.244ns (59.829%))
  Logic Levels:           0  
  Clock Path Skew:        0.263ns (DCD - SCD - CPR)
    Destination Clock Delay (DCD):    1.951ns
    Source Clock Delay      (SCD):    1.439ns
    Clock Pessimism Removal (CPR):    0.249ns

    Location             Delay type                Incr(ns)  Path(ns)    Netlist Resource(s)
  -------------------------------------------------------------------    -------------------
                         (clock sysclk_pin rise edge)
                                                      0.000     0.000 r  
    W5                                                0.000     0.000 r  CLK (IN)
                         net (fo=0)                   0.000     0.000    CLK
    W5                   IBUF (Prop_ibuf_I_O)         0.226     0.226 r  CLK_IBUF_inst/O
                         net (fo=1, routed)           0.631     0.858    CLK_IBUF
    BUFGCTRL_X0Y0        BUFG (Prop_bufg_I_O)         0.026     0.884 r  CLK_IBUF_BUFG_inst/O
                         net (fo=2293, routed)        0.556     1.439    ex_mem/CLK
    SLICE_X30Y18         FDRE                                         r  ex_mem/B_OUT_reg[3]_rep__0/C
  -------------------------------------------------------------------    -------------------
    SLICE_X30Y18         FDRE (Prop_fdre_C_Q)         0.164     1.603 r  ex_mem/B_OUT_reg[3]_rep__0/Q
                         net (fo=85, routed)          0.244     1.847    data_mem/data_reg[1][7]_0[0]
    SLICE_X37Y17         FDRE                                         r  data_mem/data_reg[90][3]/D
  -------------------------------------------------------------------    -------------------

                         (clock sysclk_pin rise edge)
                                                      0.000     0.000 r  
    W5                                                0.000     0.000 r  CLK (IN)
                         net (fo=0)                   0.000     0.000    CLK
    W5                   IBUF (Prop_ibuf_I_O)         0.414     0.414 r  CLK_IBUF_inst/O
                         net (fo=1, routed)           0.685     1.099    CLK_IBUF
    BUFGCTRL_X0Y0        BUFG (Prop_bufg_I_O)         0.029     1.128 r  CLK_IBUF_BUFG_inst/O
                         net (fo=2293, routed)        0.824     1.951    data_mem/CLK_IBUF_BUFG
    SLICE_X37Y17         FDRE                                         r  data_mem/data_reg[90][3]/C
                         clock pessimism             -0.249     1.702    
    SLICE_X37Y17         FDRE (Hold_fdre_C_D)         0.066     1.768    data_mem/data_reg[90][3]
  -------------------------------------------------------------------
                         required time                         -1.768    
                         arrival time                           1.847    
  -------------------------------------------------------------------
                         slack                                  0.079    

Slack (MET) :             0.097ns  (arrival time - required time)
  Source:                 ex_mem/B_OUT_reg[3]/C
                            (rising edge-triggered cell FDRE clocked by sysclk_pin  {rise@0.000ns fall@5.000ns period=1500.000ns})
  Destination:            data_mem/data_reg[85][3]/D
                            (rising edge-triggered cell FDRE clocked by sysclk_pin  {rise@0.000ns fall@5.000ns period=1500.000ns})
  Path Group:             sysclk_pin
  Path Type:              Hold (Min at Fast Process Corner)
  Requirement:            0.000ns  (sysclk_pin rise@0.000ns - sysclk_pin rise@0.000ns)
  Data Path Delay:        0.432ns  (logic 0.164ns (37.989%)  route 0.268ns (62.011%))
  Logic Levels:           0  
  Clock Path Skew:        0.265ns (DCD - SCD - CPR)
    Destination Clock Delay (DCD):    1.952ns
    Source Clock Delay      (SCD):    1.438ns
    Clock Pessimism Removal (CPR):    0.249ns

    Location             Delay type                Incr(ns)  Path(ns)    Netlist Resource(s)
  -------------------------------------------------------------------    -------------------
                         (clock sysclk_pin rise edge)
                                                      0.000     0.000 r  
    W5                                                0.000     0.000 r  CLK (IN)
                         net (fo=0)                   0.000     0.000    CLK
    W5                   IBUF (Prop_ibuf_I_O)         0.226     0.226 r  CLK_IBUF_inst/O
                         net (fo=1, routed)           0.631     0.858    CLK_IBUF
    BUFGCTRL_X0Y0        BUFG (Prop_bufg_I_O)         0.026     0.884 r  CLK_IBUF_BUFG_inst/O
                         net (fo=2293, routed)        0.555     1.438    ex_mem/CLK
    SLICE_X30Y19         FDRE                                         r  ex_mem/B_OUT_reg[3]/C
  -------------------------------------------------------------------    -------------------
    SLICE_X30Y19         FDRE (Prop_fdre_C_Q)         0.164     1.602 r  ex_mem/B_OUT_reg[3]/Q
                         net (fo=88, routed)          0.268     1.870    data_mem/data_reg[69][7]_0[3]
    SLICE_X36Y16         FDRE                                         r  data_mem/data_reg[85][3]/D
  -------------------------------------------------------------------    -------------------

                         (clock sysclk_pin rise edge)
                                                      0.000     0.000 r  
    W5                                                0.000     0.000 r  CLK (IN)
                         net (fo=0)                   0.000     0.000    CLK
    W5                   IBUF (Prop_ibuf_I_O)         0.414     0.414 r  CLK_IBUF_inst/O
                         net (fo=1, routed)           0.685     1.099    CLK_IBUF
    BUFGCTRL_X0Y0        BUFG (Prop_bufg_I_O)         0.029     1.128 r  CLK_IBUF_BUFG_inst/O
                         net (fo=2293, routed)        0.825     1.952    data_mem/CLK_IBUF_BUFG
    SLICE_X36Y16         FDRE                                         r  data_mem/data_reg[85][3]/C
                         clock pessimism             -0.249     1.703    
    SLICE_X36Y16         FDRE (Hold_fdre_C_D)         0.070     1.773    data_mem/data_reg[85][3]
  -------------------------------------------------------------------
                         required time                         -1.773    
                         arrival time                           1.870    
  -------------------------------------------------------------------
                         slack                                  0.097    

Slack (MET) :             0.105ns  (arrival time - required time)
  Source:                 mem_re/OP_OUT_reg[7]/C
                            (rising edge-triggered cell FDRE clocked by sysclk_pin  {rise@0.000ns fall@5.000ns period=1500.000ns})
  Destination:            di_ex/C_OUT_reg[4]/D
                            (rising edge-triggered cell FDRE clocked by sysclk_pin  {rise@0.000ns fall@5.000ns period=1500.000ns})
  Path Group:             sysclk_pin
  Path Type:              Hold (Min at Fast Process Corner)
  Requirement:            0.000ns  (sysclk_pin rise@0.000ns - sysclk_pin rise@0.000ns)
  Data Path Delay:        0.485ns  (logic 0.186ns (38.353%)  route 0.299ns (61.647%))
  Logic Levels:           1  (LUT4=1)
  Clock Path Skew:        0.260ns (DCD - SCD - CPR)
    Destination Clock Delay (DCD):    1.942ns
    Source Clock Delay      (SCD):    1.433ns
    Clock Pessimism Removal (CPR):    0.249ns

    Location             Delay type                Incr(ns)  Path(ns)    Netlist Resource(s)
  -------------------------------------------------------------------    -------------------
                         (clock sysclk_pin rise edge)
                                                      0.000     0.000 r  
    W5                                                0.000     0.000 r  CLK (IN)
                         net (fo=0)                   0.000     0.000    CLK
    W5                   IBUF (Prop_ibuf_I_O)         0.226     0.226 r  CLK_IBUF_inst/O
                         net (fo=1, routed)           0.631     0.858    CLK_IBUF
    BUFGCTRL_X0Y0        BUFG (Prop_bufg_I_O)         0.026     0.884 r  CLK_IBUF_BUFG_inst/O
                         net (fo=2293, routed)        0.550     1.433    mem_re/CLK
    SLICE_X40Y25         FDRE                                         r  mem_re/OP_OUT_reg[7]/C
  -------------------------------------------------------------------    -------------------
    SLICE_X40Y25         FDRE (Prop_fdre_C_Q)         0.141     1.574 r  mem_re/OP_OUT_reg[7]/Q
                         net (fo=25, routed)          0.299     1.873    mem_re/op_re[7]
    SLICE_X34Y25         LUT4 (Prop_lut4_I0_O)        0.045     1.918 r  mem_re/C_OUT[4]_i_1/O
                         net (fo=1, routed)           0.000     1.918    di_ex/C_OUT_reg[7]_4[4]
    SLICE_X34Y25         FDRE                                         r  di_ex/C_OUT_reg[4]/D
  -------------------------------------------------------------------    -------------------

                         (clock sysclk_pin rise edge)
                                                      0.000     0.000 r  
    W5                                                0.000     0.000 r  CLK (IN)
                         net (fo=0)                   0.000     0.000    CLK
    W5                   IBUF (Prop_ibuf_I_O)         0.414     0.414 r  CLK_IBUF_inst/O
                         net (fo=1, routed)           0.685     1.099    CLK_IBUF
    BUFGCTRL_X0Y0        BUFG (Prop_bufg_I_O)         0.029     1.128 r  CLK_IBUF_BUFG_inst/O
                         net (fo=2293, routed)        0.815     1.942    di_ex/CLK
    SLICE_X34Y25         FDRE                                         r  di_ex/C_OUT_reg[4]/C
                         clock pessimism             -0.249     1.693    
    SLICE_X34Y25         FDRE (Hold_fdre_C_D)         0.120     1.813    di_ex/C_OUT_reg[4]
  -------------------------------------------------------------------
                         required time                         -1.813    
                         arrival time                           1.918    
  -------------------------------------------------------------------
                         slack                                  0.105    

Slack (MET) :             0.106ns  (arrival time - required time)
  Source:                 mem_re/OP_OUT_reg[7]/C
                            (rising edge-triggered cell FDRE clocked by sysclk_pin  {rise@0.000ns fall@5.000ns period=1500.000ns})
  Destination:            di_ex/C_OUT_reg[1]/D
                            (rising edge-triggered cell FDRE clocked by sysclk_pin  {rise@0.000ns fall@5.000ns period=1500.000ns})
  Path Group:             sysclk_pin
  Path Type:              Hold (Min at Fast Process Corner)
  Requirement:            0.000ns  (sysclk_pin rise@0.000ns - sysclk_pin rise@0.000ns)
  Data Path Delay:        0.489ns  (logic 0.186ns (38.061%)  route 0.303ns (61.939%))
  Logic Levels:           1  (LUT4=1)
  Clock Path Skew:        0.263ns (DCD - SCD - CPR)
    Destination Clock Delay (DCD):    1.945ns
    Source Clock Delay      (SCD):    1.433ns
    Clock Pessimism Removal (CPR):    0.249ns

    Location             Delay type                Incr(ns)  Path(ns)    Netlist Resource(s)
  -------------------------------------------------------------------    -------------------
                         (clock sysclk_pin rise edge)
                                                      0.000     0.000 r  
    W5                                                0.000     0.000 r  CLK (IN)
                         net (fo=0)                   0.000     0.000    CLK
    W5                   IBUF (Prop_ibuf_I_O)         0.226     0.226 r  CLK_IBUF_inst/O
                         net (fo=1, routed)           0.631     0.858    CLK_IBUF
    BUFGCTRL_X0Y0        BUFG (Prop_bufg_I_O)         0.026     0.884 r  CLK_IBUF_BUFG_inst/O
                         net (fo=2293, routed)        0.550     1.433    mem_re/CLK
    SLICE_X40Y25         FDRE                                         r  mem_re/OP_OUT_reg[7]/C
  -------------------------------------------------------------------    -------------------
    SLICE_X40Y25         FDRE (Prop_fdre_C_Q)         0.141     1.574 r  mem_re/OP_OUT_reg[7]/Q
                         net (fo=25, routed)          0.303     1.877    mem_re/op_re[7]
    SLICE_X34Y27         LUT4 (Prop_lut4_I0_O)        0.045     1.922 r  mem_re/C_OUT[1]_i_1/O
                         net (fo=1, routed)           0.000     1.922    di_ex/C_OUT_reg[7]_4[1]
    SLICE_X34Y27         FDRE                                         r  di_ex/C_OUT_reg[1]/D
  -------------------------------------------------------------------    -------------------

                         (clock sysclk_pin rise edge)
                                                      0.000     0.000 r  
    W5                                                0.000     0.000 r  CLK (IN)
                         net (fo=0)                   0.000     0.000    CLK
    W5                   IBUF (Prop_ibuf_I_O)         0.414     0.414 r  CLK_IBUF_inst/O
                         net (fo=1, routed)           0.685     1.099    CLK_IBUF
    BUFGCTRL_X0Y0        BUFG (Prop_bufg_I_O)         0.029     1.128 r  CLK_IBUF_BUFG_inst/O
                         net (fo=2293, routed)        0.818     1.945    di_ex/CLK
    SLICE_X34Y27         FDRE                                         r  di_ex/C_OUT_reg[1]/C
                         clock pessimism             -0.249     1.696    
    SLICE_X34Y27         FDRE (Hold_fdre_C_D)         0.120     1.816    di_ex/C_OUT_reg[1]
  -------------------------------------------------------------------
                         required time                         -1.816    
                         arrival time                           1.922    
  -------------------------------------------------------------------
                         slack                                  0.106    

Slack (MET) :             0.110ns  (arrival time - required time)
  Source:                 ex_mem/B_OUT_reg[6]_rep__0/C
                            (rising edge-triggered cell FDRE clocked by sysclk_pin  {rise@0.000ns fall@5.000ns period=1500.000ns})
  Destination:            data_mem/data_reg[94][6]/D
                            (rising edge-triggered cell FDRE clocked by sysclk_pin  {rise@0.000ns fall@5.000ns period=1500.000ns})
  Path Group:             sysclk_pin
  Path Type:              Hold (Min at Fast Process Corner)
  Requirement:            0.000ns  (sysclk_pin rise@0.000ns - sysclk_pin rise@0.000ns)
  Data Path Delay:        0.446ns  (logic 0.141ns (31.613%)  route 0.305ns (68.387%))
  Logic Levels:           0  
  Clock Path Skew:        0.266ns (DCD - SCD - CPR)
    Destination Clock Delay (DCD):    1.954ns
    Source Clock Delay      (SCD):    1.439ns
    Clock Pessimism Removal (CPR):    0.249ns

    Location             Delay type                Incr(ns)  Path(ns)    Netlist Resource(s)
  -------------------------------------------------------------------    -------------------
                         (clock sysclk_pin rise edge)
                                                      0.000     0.000 r  
    W5                                                0.000     0.000 r  CLK (IN)
                         net (fo=0)                   0.000     0.000    CLK
    W5                   IBUF (Prop_ibuf_I_O)         0.226     0.226 r  CLK_IBUF_inst/O
                         net (fo=1, routed)           0.631     0.858    CLK_IBUF
    BUFGCTRL_X0Y0        BUFG (Prop_bufg_I_O)         0.026     0.884 r  CLK_IBUF_BUFG_inst/O
                         net (fo=2293, routed)        0.556     1.439    ex_mem/CLK
    SLICE_X35Y17         FDRE                                         r  ex_mem/B_OUT_reg[6]_rep__0/C
  -------------------------------------------------------------------    -------------------
    SLICE_X35Y17         FDRE (Prop_fdre_C_Q)         0.141     1.580 r  ex_mem/B_OUT_reg[6]_rep__0/Q
                         net (fo=97, routed)          0.305     1.885    data_mem/D[6]
    SLICE_X37Y14         FDRE                                         r  data_mem/data_reg[94][6]/D
  -------------------------------------------------------------------    -------------------

                         (clock sysclk_pin rise edge)
                                                      0.000     0.000 r  
    W5                                                0.000     0.000 r  CLK (IN)
                         net (fo=0)                   0.000     0.000    CLK
    W5                   IBUF (Prop_ibuf_I_O)         0.414     0.414 r  CLK_IBUF_inst/O
                         net (fo=1, routed)           0.685     1.099    CLK_IBUF
    BUFGCTRL_X0Y0        BUFG (Prop_bufg_I_O)         0.029     1.128 r  CLK_IBUF_BUFG_inst/O
                         net (fo=2293, routed)        0.827     1.954    data_mem/CLK_IBUF_BUFG
    SLICE_X37Y14         FDRE                                         r  data_mem/data_reg[94][6]/C
                         clock pessimism             -0.249     1.705    
    SLICE_X37Y14         FDRE (Hold_fdre_C_D)         0.070     1.775    data_mem/data_reg[94][6]
  -------------------------------------------------------------------
                         required time                         -1.775    
                         arrival time                           1.885    
  -------------------------------------------------------------------
                         slack                                  0.110    

Slack (MET) :             0.118ns  (arrival time - required time)
  Source:                 ex_mem/B_OUT_reg[3]/C
                            (rising edge-triggered cell FDRE clocked by sysclk_pin  {rise@0.000ns fall@5.000ns period=1500.000ns})
  Destination:            data_mem/data_reg[84][3]/D
                            (rising edge-triggered cell FDRE clocked by sysclk_pin  {rise@0.000ns fall@5.000ns period=1500.000ns})
  Path Group:             sysclk_pin
  Path Type:              Hold (Min at Fast Process Corner)
  Requirement:            0.000ns  (sysclk_pin rise@0.000ns - sysclk_pin rise@0.000ns)
  Data Path Delay:        0.453ns  (logic 0.164ns (36.204%)  route 0.289ns (63.796%))
  Logic Levels:           0  
  Clock Path Skew:        0.265ns (DCD - SCD - CPR)
    Destination Clock Delay (DCD):    1.952ns
    Source Clock Delay      (SCD):    1.438ns
    Clock Pessimism Removal (CPR):    0.249ns

    Location             Delay type                Incr(ns)  Path(ns)    Netlist Resource(s)
  -------------------------------------------------------------------    -------------------
                         (clock sysclk_pin rise edge)
                                                      0.000     0.000 r  
    W5                                                0.000     0.000 r  CLK (IN)
                         net (fo=0)                   0.000     0.000    CLK
    W5                   IBUF (Prop_ibuf_I_O)         0.226     0.226 r  CLK_IBUF_inst/O
                         net (fo=1, routed)           0.631     0.858    CLK_IBUF
    BUFGCTRL_X0Y0        BUFG (Prop_bufg_I_O)         0.026     0.884 r  CLK_IBUF_BUFG_inst/O
                         net (fo=2293, routed)        0.555     1.438    ex_mem/CLK
    SLICE_X30Y19         FDRE                                         r  ex_mem/B_OUT_reg[3]/C
  -------------------------------------------------------------------    -------------------
    SLICE_X30Y19         FDRE (Prop_fdre_C_Q)         0.164     1.602 r  ex_mem/B_OUT_reg[3]/Q
                         net (fo=88, routed)          0.289     1.891    data_mem/data_reg[69][7]_0[3]
    SLICE_X40Y17         FDRE                                         r  data_mem/data_reg[84][3]/D
  -------------------------------------------------------------------    -------------------

                         (clock sysclk_pin rise edge)
                                                      0.000     0.000 r  
    W5                                                0.000     0.000 r  CLK (IN)
                         net (fo=0)                   0.000     0.000    CLK
    W5                   IBUF (Prop_ibuf_I_O)         0.414     0.414 r  CLK_IBUF_inst/O
                         net (fo=1, routed)           0.685     1.099    CLK_IBUF
    BUFGCTRL_X0Y0        BUFG (Prop_bufg_I_O)         0.029     1.128 r  CLK_IBUF_BUFG_inst/O
                         net (fo=2293, routed)        0.825     1.952    data_mem/CLK_IBUF_BUFG
    SLICE_X40Y17         FDRE                                         r  data_mem/data_reg[84][3]/C
                         clock pessimism             -0.249     1.703    
    SLICE_X40Y17         FDRE (Hold_fdre_C_D)         0.070     1.773    data_mem/data_reg[84][3]
  -------------------------------------------------------------------
                         required time                         -1.773    
                         arrival time                           1.891    
  -------------------------------------------------------------------
                         slack                                  0.118    





Pulse Width Checks
--------------------------------------------------------------------------------------
Clock Name:         sysclk_pin
Waveform(ns):       { 0.000 5.000 }
Period(ns):         1500.000
Sources:            { CLK }

Check Type        Corner  Lib Pin     Reference Pin  Required(ns)  Actual(ns)  Slack(ns)  Location       Pin
Min Period        n/a     BUFG/I      n/a            2.155         1500.000    1497.845   BUFGCTRL_X0Y0  CLK_IBUF_BUFG_inst/I
Min Period        n/a     FDCE/C      n/a            1.000         1500.000    1499.000   SLICE_X44Y27   ip_reg[0]/C
Min Period        n/a     FDCE/C      n/a            1.000         1500.000    1499.000   SLICE_X44Y27   ip_reg[1]/C
Min Period        n/a     FDCE/C      n/a            1.000         1500.000    1499.000   SLICE_X45Y29   ip_reg[2]/C
Min Period        n/a     FDCE/C      n/a            1.000         1500.000    1499.000   SLICE_X44Y29   ip_reg[3]/C
Min Period        n/a     FDCE/C      n/a            1.000         1500.000    1499.000   SLICE_X44Y29   ip_reg[4]/C
Min Period        n/a     FDCE/C      n/a            1.000         1500.000    1499.000   SLICE_X44Y29   ip_reg[5]/C
Min Period        n/a     FDCE/C      n/a            1.000         1500.000    1499.000   SLICE_X44Y29   ip_reg[6]/C
Min Period        n/a     FDCE/C      n/a            1.000         1500.000    1499.000   SLICE_X44Y29   ip_reg[7]/C
Min Period        n/a     FDRE/C      n/a            1.000         1500.000    1499.000   SLICE_X34Y30   banc_registres_principal/regs_reg[0][0]/C
Low Pulse Width   Slow    SRL16E/CLK  n/a            0.980         1495.000    1494.020   SLICE_X42Y28   di_ex/A_OUT_reg[0]_srl3/CLK
Low Pulse Width   Fast    SRL16E/CLK  n/a            0.980         1495.000    1494.020   SLICE_X42Y28   di_ex/A_OUT_reg[0]_srl3/CLK
Low Pulse Width   Slow    SRL16E/CLK  n/a            0.980         1495.000    1494.020   SLICE_X42Y27   di_ex/A_OUT_reg[1]_srl2/CLK
Low Pulse Width   Fast    SRL16E/CLK  n/a            0.980         1495.000    1494.020   SLICE_X42Y27   di_ex/A_OUT_reg[1]_srl2/CLK
Low Pulse Width   Slow    SRL16E/CLK  n/a            0.980         1495.000    1494.020   SLICE_X42Y27   di_ex/A_OUT_reg[2]_srl2/CLK
Low Pulse Width   Fast    SRL16E/CLK  n/a            0.980         1495.000    1494.020   SLICE_X42Y27   di_ex/A_OUT_reg[2]_srl2/CLK
Low Pulse Width   Slow    SRL16E/CLK  n/a            0.980         1495.000    1494.020   SLICE_X42Y28   di_ex/A_OUT_reg[3]_srl3/CLK
Low Pulse Width   Fast    SRL16E/CLK  n/a            0.980         1495.000    1494.020   SLICE_X42Y28   di_ex/A_OUT_reg[3]_srl3/CLK
Low Pulse Width   Slow    FDCE/C      n/a            0.500         1495.000    1494.500   SLICE_X44Y27   ip_reg[0]/C
Low Pulse Width   Fast    FDCE/C      n/a            0.500         1495.000    1494.500   SLICE_X44Y27   ip_reg[0]/C
High Pulse Width  Slow    SRL16E/CLK  n/a            0.980         5.000       4.020      SLICE_X42Y28   di_ex/A_OUT_reg[0]_srl3/CLK
High Pulse Width  Fast    SRL16E/CLK  n/a            0.980         5.000       4.020      SLICE_X42Y28   di_ex/A_OUT_reg[0]_srl3/CLK
High Pulse Width  Slow    SRL16E/CLK  n/a            0.980         5.000       4.020      SLICE_X42Y27   di_ex/A_OUT_reg[1]_srl2/CLK
High Pulse Width  Fast    SRL16E/CLK  n/a            0.980         5.000       4.020      SLICE_X42Y27   di_ex/A_OUT_reg[1]_srl2/CLK
High Pulse Width  Slow    SRL16E/CLK  n/a            0.980         5.000       4.020      SLICE_X42Y27   di_ex/A_OUT_reg[2]_srl2/CLK
High Pulse Width  Fast    SRL16E/CLK  n/a            0.980         5.000       4.020      SLICE_X42Y27   di_ex/A_OUT_reg[2]_srl2/CLK
High Pulse Width  Slow    SRL16E/CLK  n/a            0.980         5.000       4.020      SLICE_X42Y28   di_ex/A_OUT_reg[3]_srl3/CLK
High Pulse Width  Fast    SRL16E/CLK  n/a            0.980         5.000       4.020      SLICE_X42Y28   di_ex/A_OUT_reg[3]_srl3/CLK
High Pulse Width  Slow    FDCE/C      n/a            0.500         5.000       4.500      SLICE_X44Y27   ip_reg[0]/C
High Pulse Width  Fast    FDCE/C      n/a            0.500         5.000       4.500      SLICE_X44Y27   ip_reg[0]/C



--------------------------------------------------------------------------------------
Path Group:  (none)
From Clock:  sysclk_pin
  To Clock:  

Max Delay             8 Endpoints
Min Delay             8 Endpoints
--------------------------------------------------------------------------------------


Max Delay Paths
--------------------------------------------------------------------------------------
Slack:                    inf
  Source:                 mem_re/B_OUT_reg[5]/C
                            (rising edge-triggered cell FDRE clocked by sysclk_pin  {rise@0.000ns fall@5.000ns period=1500.000ns})
  Destination:            FAUSSE_SORTIE[5]
                            (output port)
  Path Group:             (none)
  Path Type:              Max at Slow Process Corner
  Data Path Delay:        10.045ns  (logic 4.392ns (43.727%)  route 5.653ns (56.273%))
  Logic Levels:           2  (LUT1=1 OBUF=1)
  Clock Uncertainty:      0.025ns  ((TSJ^2 + TIJ^2)^1/2 + DJ) / 2 + PE
    Total System Jitter     (TSJ):    0.050ns
    Total Input Jitter      (TIJ):    0.000ns
    Discrete Jitter          (DJ):    0.000ns
    Phase Error              (PE):    0.000ns

    Location             Delay type                Incr(ns)  Path(ns)    Netlist Resource(s)
  -------------------------------------------------------------------    -------------------
                         (clock sysclk_pin rise edge)
                                                      0.000     0.000 r  
    W5                                                0.000     0.000 r  CLK (IN)
                         net (fo=0)                   0.000     0.000    CLK
    W5                   IBUF (Prop_ibuf_I_O)         1.458     1.458 r  CLK_IBUF_inst/O
                         net (fo=1, routed)           1.967     3.425    CLK_IBUF
    BUFGCTRL_X0Y0        BUFG (Prop_bufg_I_O)         0.096     3.521 r  CLK_IBUF_BUFG_inst/O
                         net (fo=2293, routed)        1.561     5.082    mem_re/CLK
    SLICE_X42Y13         FDRE                                         r  mem_re/B_OUT_reg[5]/C
  -------------------------------------------------------------------    -------------------
    SLICE_X42Y13         FDRE (Prop_fdre_C_Q)         0.518     5.600 f  mem_re/B_OUT_reg[5]/Q
                         net (fo=19, routed)          2.529     8.129    mem_re/B_OUT_reg[7]_0[5]
    SLICE_X37Y28         LUT1 (Prop_lut1_I0_O)        0.152     8.281 r  mem_re/FAUSSE_SORTIE_OBUF[5]_inst_i_1/O
                         net (fo=1, routed)           3.124    11.405    FAUSSE_SORTIE_OBUF[5]
    U15                  OBUF (Prop_obuf_I_O)         3.722    15.128 r  FAUSSE_SORTIE_OBUF[5]_inst/O
                         net (fo=0)                   0.000    15.128    FAUSSE_SORTIE[5]
    U15                                                               r  FAUSSE_SORTIE[5] (OUT)
  -------------------------------------------------------------------    -------------------

Slack:                    inf
  Source:                 mem_re/B_OUT_reg[6]/C
                            (rising edge-triggered cell FDRE clocked by sysclk_pin  {rise@0.000ns fall@5.000ns period=1500.000ns})
  Destination:            FAUSSE_SORTIE[6]
                            (output port)
  Path Group:             (none)
  Path Type:              Max at Slow Process Corner
  Data Path Delay:        9.009ns  (logic 4.316ns (47.910%)  route 4.693ns (52.090%))
  Logic Levels:           2  (LUT1=1 OBUF=1)
  Clock Uncertainty:      0.025ns  ((TSJ^2 + TIJ^2)^1/2 + DJ) / 2 + PE
    Total System Jitter     (TSJ):    0.050ns
    Total Input Jitter      (TIJ):    0.000ns
    Discrete Jitter          (DJ):    0.000ns
    Phase Error              (PE):    0.000ns

    Location             Delay type                Incr(ns)  Path(ns)    Netlist Resource(s)
  -------------------------------------------------------------------    -------------------
                         (clock sysclk_pin rise edge)
                                                      0.000     0.000 r  
    W5                                                0.000     0.000 r  CLK (IN)
                         net (fo=0)                   0.000     0.000    CLK
    W5                   IBUF (Prop_ibuf_I_O)         1.458     1.458 r  CLK_IBUF_inst/O
                         net (fo=1, routed)           1.967     3.425    CLK_IBUF
    BUFGCTRL_X0Y0        BUFG (Prop_bufg_I_O)         0.096     3.521 r  CLK_IBUF_BUFG_inst/O
                         net (fo=2293, routed)        1.562     5.083    mem_re/CLK
    SLICE_X39Y11         FDRE                                         r  mem_re/B_OUT_reg[6]/C
  -------------------------------------------------------------------    -------------------
    SLICE_X39Y11         FDRE (Prop_fdre_C_Q)         0.456     5.539 f  mem_re/B_OUT_reg[6]/Q
                         net (fo=19, routed)          1.403     6.942    mem_re/B_OUT_reg[7]_0[6]
    SLICE_X37Y25         LUT1 (Prop_lut1_I0_O)        0.152     7.094 r  mem_re/FAUSSE_SORTIE_OBUF[6]_inst_i_1/O
                         net (fo=1, routed)           3.290    10.384    FAUSSE_SORTIE_OBUF[6]
    U14                  OBUF (Prop_obuf_I_O)         3.708    14.092 r  FAUSSE_SORTIE_OBUF[6]_inst/O
                         net (fo=0)                   0.000    14.092    FAUSSE_SORTIE[6]
    U14                                                               r  FAUSSE_SORTIE[6] (OUT)
  -------------------------------------------------------------------    -------------------

Slack:                    inf
  Source:                 mem_re/B_OUT_reg[0]/C
                            (rising edge-triggered cell FDRE clocked by sysclk_pin  {rise@0.000ns fall@5.000ns period=1500.000ns})
  Destination:            FAUSSE_SORTIE[0]
                            (output port)
  Path Group:             (none)
  Path Type:              Max at Slow Process Corner
  Data Path Delay:        8.950ns  (logic 4.085ns (45.638%)  route 4.866ns (54.362%))
  Logic Levels:           2  (LUT1=1 OBUF=1)
  Clock Uncertainty:      0.025ns  ((TSJ^2 + TIJ^2)^1/2 + DJ) / 2 + PE
    Total System Jitter     (TSJ):    0.050ns
    Total Input Jitter      (TIJ):    0.000ns
    Discrete Jitter          (DJ):    0.000ns
    Phase Error              (PE):    0.000ns

    Location             Delay type                Incr(ns)  Path(ns)    Netlist Resource(s)
  -------------------------------------------------------------------    -------------------
                         (clock sysclk_pin rise edge)
                                                      0.000     0.000 r  
    W5                                                0.000     0.000 r  CLK (IN)
                         net (fo=0)                   0.000     0.000    CLK
    W5                   IBUF (Prop_ibuf_I_O)         1.458     1.458 r  CLK_IBUF_inst/O
                         net (fo=1, routed)           1.967     3.425    CLK_IBUF
    BUFGCTRL_X0Y0        BUFG (Prop_bufg_I_O)         0.096     3.521 r  CLK_IBUF_BUFG_inst/O
                         net (fo=2293, routed)        1.560     5.081    mem_re/CLK
    SLICE_X39Y13         FDRE                                         r  mem_re/B_OUT_reg[0]/C
  -------------------------------------------------------------------    -------------------
    SLICE_X39Y13         FDRE (Prop_fdre_C_Q)         0.456     5.537 f  mem_re/B_OUT_reg[0]/Q
                         net (fo=19, routed)          1.709     7.246    mem_re/B_OUT_reg[7]_0[0]
    SLICE_X35Y29         LUT1 (Prop_lut1_I0_O)        0.124     7.370 r  mem_re/FAUSSE_SORTIE_OBUF[0]_inst_i_1/O
                         net (fo=1, routed)           3.157    10.527    FAUSSE_SORTIE_OBUF[0]
    U16                  OBUF (Prop_obuf_I_O)         3.505    14.032 r  FAUSSE_SORTIE_OBUF[0]_inst/O
                         net (fo=0)                   0.000    14.032    FAUSSE_SORTIE[0]
    U16                                                               r  FAUSSE_SORTIE[0] (OUT)
  -------------------------------------------------------------------    -------------------

Slack:                    inf
  Source:                 mem_re/B_OUT_reg[1]/C
                            (rising edge-triggered cell FDRE clocked by sysclk_pin  {rise@0.000ns fall@5.000ns period=1500.000ns})
  Destination:            FAUSSE_SORTIE[1]
                            (output port)
  Path Group:             (none)
  Path Type:              Max at Slow Process Corner
  Data Path Delay:        8.746ns  (logic 4.400ns (50.303%)  route 4.347ns (49.697%))
  Logic Levels:           2  (LUT1=1 OBUF=1)
  Clock Uncertainty:      0.025ns  ((TSJ^2 + TIJ^2)^1/2 + DJ) / 2 + PE
    Total System Jitter     (TSJ):    0.050ns
    Total Input Jitter      (TIJ):    0.000ns
    Discrete Jitter          (DJ):    0.000ns
    Phase Error              (PE):    0.000ns

    Location             Delay type                Incr(ns)  Path(ns)    Netlist Resource(s)
  -------------------------------------------------------------------    -------------------
                         (clock sysclk_pin rise edge)
                                                      0.000     0.000 r  
    W5                                                0.000     0.000 r  CLK (IN)
                         net (fo=0)                   0.000     0.000    CLK
    W5                   IBUF (Prop_ibuf_I_O)         1.458     1.458 r  CLK_IBUF_inst/O
                         net (fo=1, routed)           1.967     3.425    CLK_IBUF
    BUFGCTRL_X0Y0        BUFG (Prop_bufg_I_O)         0.096     3.521 r  CLK_IBUF_BUFG_inst/O
                         net (fo=2293, routed)        1.560     5.081    mem_re/CLK
    SLICE_X38Y13         FDRE                                         r  mem_re/B_OUT_reg[1]/C
  -------------------------------------------------------------------    -------------------
    SLICE_X38Y13         FDRE (Prop_fdre_C_Q)         0.518     5.599 f  mem_re/B_OUT_reg[1]/Q
                         net (fo=19, routed)          1.379     6.978    mem_re/B_OUT_reg[7]_0[1]
    SLICE_X31Y29         LUT1 (Prop_lut1_I0_O)        0.150     7.128 r  mem_re/FAUSSE_SORTIE_OBUF[1]_inst_i_1/O
                         net (fo=1, routed)           2.968    10.096    FAUSSE_SORTIE_OBUF[1]
    E19                  OBUF (Prop_obuf_I_O)         3.732    13.828 r  FAUSSE_SORTIE_OBUF[1]_inst/O
                         net (fo=0)                   0.000    13.828    FAUSSE_SORTIE[1]
    E19                                                               r  FAUSSE_SORTIE[1] (OUT)
  -------------------------------------------------------------------    -------------------

Slack:                    inf
  Source:                 mem_re/B_OUT_reg[7]/C
                            (rising edge-triggered cell FDRE clocked by sysclk_pin  {rise@0.000ns fall@5.000ns period=1500.000ns})
  Destination:            FAUSSE_SORTIE[7]
                            (output port)
  Path Group:             (none)
  Path Type:              Max at Slow Process Corner
  Data Path Delay:        8.579ns  (logic 4.379ns (51.040%)  route 4.200ns (48.960%))
  Logic Levels:           2  (LUT1=1 OBUF=1)
  Clock Uncertainty:      0.025ns  ((TSJ^2 + TIJ^2)^1/2 + DJ) / 2 + PE
    Total System Jitter     (TSJ):    0.050ns
    Total Input Jitter      (TIJ):    0.000ns
    Discrete Jitter          (DJ):    0.000ns
    Phase Error              (PE):    0.000ns

    Location             Delay type                Incr(ns)  Path(ns)    Netlist Resource(s)
  -------------------------------------------------------------------    -------------------
                         (clock sysclk_pin rise edge)
                                                      0.000     0.000 r  
    W5                                                0.000     0.000 r  CLK (IN)
                         net (fo=0)                   0.000     0.000    CLK
    W5                   IBUF (Prop_ibuf_I_O)         1.458     1.458 r  CLK_IBUF_inst/O
                         net (fo=1, routed)           1.967     3.425    CLK_IBUF
    BUFGCTRL_X0Y0        BUFG (Prop_bufg_I_O)         0.096     3.521 r  CLK_IBUF_BUFG_inst/O
                         net (fo=2293, routed)        1.561     5.082    mem_re/CLK
    SLICE_X38Y12         FDRE                                         r  mem_re/B_OUT_reg[7]/C
  -------------------------------------------------------------------    -------------------
    SLICE_X38Y12         FDRE (Prop_fdre_C_Q)         0.518     5.600 f  mem_re/B_OUT_reg[7]/Q
                         net (fo=19, routed)          1.104     6.705    mem_re/B_OUT_reg[7]_0[7]
    SLICE_X37Y25         LUT1 (Prop_lut1_I0_O)        0.152     6.857 r  mem_re/FAUSSE_SORTIE_OBUF[7]_inst_i_1/O
                         net (fo=1, routed)           3.096     9.952    FAUSSE_SORTIE_OBUF[7]
    V14                  OBUF (Prop_obuf_I_O)         3.709    13.661 r  FAUSSE_SORTIE_OBUF[7]_inst/O
                         net (fo=0)                   0.000    13.661    FAUSSE_SORTIE[7]
    V14                                                               r  FAUSSE_SORTIE[7] (OUT)
  -------------------------------------------------------------------    -------------------

Slack:                    inf
  Source:                 mem_re/B_OUT_reg[2]/C
                            (rising edge-triggered cell FDRE clocked by sysclk_pin  {rise@0.000ns fall@5.000ns period=1500.000ns})
  Destination:            FAUSSE_SORTIE[2]
                            (output port)
  Path Group:             (none)
  Path Type:              Max at Slow Process Corner
  Data Path Delay:        8.522ns  (logic 4.379ns (51.387%)  route 4.143ns (48.613%))
  Logic Levels:           2  (LUT1=1 OBUF=1)
  Clock Uncertainty:      0.025ns  ((TSJ^2 + TIJ^2)^1/2 + DJ) / 2 + PE
    Total System Jitter     (TSJ):    0.050ns
    Total Input Jitter      (TIJ):    0.000ns
    Discrete Jitter          (DJ):    0.000ns
    Phase Error              (PE):    0.000ns

    Location             Delay type                Incr(ns)  Path(ns)    Netlist Resource(s)
  -------------------------------------------------------------------    -------------------
                         (clock sysclk_pin rise edge)
                                                      0.000     0.000 r  
    W5                                                0.000     0.000 r  CLK (IN)
                         net (fo=0)                   0.000     0.000    CLK
    W5                   IBUF (Prop_ibuf_I_O)         1.458     1.458 r  CLK_IBUF_inst/O
                         net (fo=1, routed)           1.967     3.425    CLK_IBUF
    BUFGCTRL_X0Y0        BUFG (Prop_bufg_I_O)         0.096     3.521 r  CLK_IBUF_BUFG_inst/O
                         net (fo=2293, routed)        1.561     5.082    mem_re/CLK
    SLICE_X38Y12         FDRE                                         r  mem_re/B_OUT_reg[2]/C
  -------------------------------------------------------------------    -------------------
    SLICE_X38Y12         FDRE (Prop_fdre_C_Q)         0.518     5.600 f  mem_re/B_OUT_reg[2]/Q
                         net (fo=19, routed)          1.603     7.203    mem_re/B_OUT_reg[7]_0[2]
    SLICE_X31Y29         LUT1 (Prop_lut1_I0_O)        0.152     7.355 r  mem_re/FAUSSE_SORTIE_OBUF[2]_inst_i_1/O
                         net (fo=1, routed)           2.539     9.895    FAUSSE_SORTIE_OBUF[2]
    U19                  OBUF (Prop_obuf_I_O)         3.709    13.604 r  FAUSSE_SORTIE_OBUF[2]_inst/O
                         net (fo=0)                   0.000    13.604    FAUSSE_SORTIE[2]
    U19                                                               r  FAUSSE_SORTIE[2] (OUT)
  -------------------------------------------------------------------    -------------------

Slack:                    inf
  Source:                 mem_re/B_OUT_reg[4]/C
                            (rising edge-triggered cell FDRE clocked by sysclk_pin  {rise@0.000ns fall@5.000ns period=1500.000ns})
  Destination:            FAUSSE_SORTIE[4]
                            (output port)
  Path Group:             (none)
  Path Type:              Max at Slow Process Corner
  Data Path Delay:        8.308ns  (logic 4.381ns (52.729%)  route 3.927ns (47.271%))
  Logic Levels:           2  (LUT1=1 OBUF=1)
  Clock Uncertainty:      0.025ns  ((TSJ^2 + TIJ^2)^1/2 + DJ) / 2 + PE
    Total System Jitter     (TSJ):    0.050ns
    Total Input Jitter      (TIJ):    0.000ns
    Discrete Jitter          (DJ):    0.000ns
    Phase Error              (PE):    0.000ns

    Location             Delay type                Incr(ns)  Path(ns)    Netlist Resource(s)
  -------------------------------------------------------------------    -------------------
                         (clock sysclk_pin rise edge)
                                                      0.000     0.000 r  
    W5                                                0.000     0.000 r  CLK (IN)
                         net (fo=0)                   0.000     0.000    CLK
    W5                   IBUF (Prop_ibuf_I_O)         1.458     1.458 r  CLK_IBUF_inst/O
                         net (fo=1, routed)           1.967     3.425    CLK_IBUF
    BUFGCTRL_X0Y0        BUFG (Prop_bufg_I_O)         0.096     3.521 r  CLK_IBUF_BUFG_inst/O
                         net (fo=2293, routed)        1.561     5.082    mem_re/CLK
    SLICE_X42Y13         FDRE                                         r  mem_re/B_OUT_reg[4]/C
  -------------------------------------------------------------------    -------------------
    SLICE_X42Y13         FDRE (Prop_fdre_C_Q)         0.518     5.600 f  mem_re/B_OUT_reg[4]/Q
                         net (fo=19, routed)          1.436     7.036    mem_re/B_OUT_reg[7]_0[4]
    SLICE_X34Y25         LUT1 (Prop_lut1_I0_O)        0.150     7.186 r  mem_re/FAUSSE_SORTIE_OBUF[4]_inst_i_1/O
                         net (fo=1, routed)           2.491     9.677    FAUSSE_SORTIE_OBUF[4]
    W18                  OBUF (Prop_obuf_I_O)         3.713    13.390 r  FAUSSE_SORTIE_OBUF[4]_inst/O
                         net (fo=0)                   0.000    13.390    FAUSSE_SORTIE[4]
    W18                                                               r  FAUSSE_SORTIE[4] (OUT)
  -------------------------------------------------------------------    -------------------

Slack:                    inf
  Source:                 mem_re/B_OUT_reg[3]/C
                            (rising edge-triggered cell FDRE clocked by sysclk_pin  {rise@0.000ns fall@5.000ns period=1500.000ns})
  Destination:            FAUSSE_SORTIE[3]
                            (output port)
  Path Group:             (none)
  Path Type:              Max at Slow Process Corner
  Data Path Delay:        8.212ns  (logic 4.089ns (49.795%)  route 4.123ns (50.205%))
  Logic Levels:           2  (LUT1=1 OBUF=1)
  Clock Uncertainty:      0.025ns  ((TSJ^2 + TIJ^2)^1/2 + DJ) / 2 + PE
    Total System Jitter     (TSJ):    0.050ns
    Total Input Jitter      (TIJ):    0.000ns
    Discrete Jitter          (DJ):    0.000ns
    Phase Error              (PE):    0.000ns

    Location             Delay type                Incr(ns)  Path(ns)    Netlist Resource(s)
  -------------------------------------------------------------------    -------------------
                         (clock sysclk_pin rise edge)
                                                      0.000     0.000 r  
    W5                                                0.000     0.000 r  CLK (IN)
                         net (fo=0)                   0.000     0.000    CLK
    W5                   IBUF (Prop_ibuf_I_O)         1.458     1.458 r  CLK_IBUF_inst/O
                         net (fo=1, routed)           1.967     3.425    CLK_IBUF
    BUFGCTRL_X0Y0        BUFG (Prop_bufg_I_O)         0.096     3.521 r  CLK_IBUF_BUFG_inst/O
                         net (fo=2293, routed)        1.562     5.083    mem_re/CLK
    SLICE_X39Y11         FDRE                                         r  mem_re/B_OUT_reg[3]/C
  -------------------------------------------------------------------    -------------------
    SLICE_X39Y11         FDRE (Prop_fdre_C_Q)         0.456     5.539 f  mem_re/B_OUT_reg[3]/Q
                         net (fo=19, routed)          1.456     6.995    mem_re/B_OUT_reg[7]_0[3]
    SLICE_X34Y27         LUT1 (Prop_lut1_I0_O)        0.124     7.119 r  mem_re/FAUSSE_SORTIE_OBUF[3]_inst_i_1/O
                         net (fo=1, routed)           2.667     9.786    FAUSSE_SORTIE_OBUF[3]
    V19                  OBUF (Prop_obuf_I_O)         3.509    13.295 r  FAUSSE_SORTIE_OBUF[3]_inst/O
                         net (fo=0)                   0.000    13.295    FAUSSE_SORTIE[3]
    V19                                                               r  FAUSSE_SORTIE[3] (OUT)
  -------------------------------------------------------------------    -------------------





Min Delay Paths
--------------------------------------------------------------------------------------
Slack:                    inf
  Source:                 mem_re/B_OUT_reg[4]/C
                            (rising edge-triggered cell FDRE clocked by sysclk_pin  {rise@0.000ns fall@5.000ns period=1500.000ns})
  Destination:            FAUSSE_SORTIE[4]
                            (output port)
  Path Group:             (none)
  Path Type:              Min at Fast Process Corner
  Data Path Delay:        2.774ns  (logic 1.484ns (53.488%)  route 1.290ns (46.512%))
  Logic Levels:           2  (LUT1=1 OBUF=1)
  Clock Uncertainty:      0.025ns  ((TSJ^2 + TIJ^2)^1/2 + DJ) / 2 + PE
    Total System Jitter     (TSJ):    0.050ns
    Total Input Jitter      (TIJ):    0.000ns
    Discrete Jitter          (DJ):    0.000ns
    Phase Error              (PE):    0.000ns

    Location             Delay type                Incr(ns)  Path(ns)    Netlist Resource(s)
  -------------------------------------------------------------------    -------------------
                         (clock sysclk_pin rise edge)
                                                      0.000     0.000 r  
    W5                                                0.000     0.000 r  CLK (IN)
                         net (fo=0)                   0.000     0.000    CLK
    W5                   IBUF (Prop_ibuf_I_O)         0.226     0.226 r  CLK_IBUF_inst/O
                         net (fo=1, routed)           0.631     0.858    CLK_IBUF
    BUFGCTRL_X0Y0        BUFG (Prop_bufg_I_O)         0.026     0.884 r  CLK_IBUF_BUFG_inst/O
                         net (fo=2293, routed)        0.559     1.442    mem_re/CLK
    SLICE_X42Y13         FDRE                                         r  mem_re/B_OUT_reg[4]/C
  -------------------------------------------------------------------    -------------------
    SLICE_X42Y13         FDRE (Prop_fdre_C_Q)         0.164     1.606 f  mem_re/B_OUT_reg[4]/Q
                         net (fo=19, routed)          0.557     2.163    mem_re/B_OUT_reg[7]_0[4]
    SLICE_X34Y25         LUT1 (Prop_lut1_I0_O)        0.044     2.207 r  mem_re/FAUSSE_SORTIE_OBUF[4]_inst_i_1/O
                         net (fo=1, routed)           0.733     2.940    FAUSSE_SORTIE_OBUF[4]
    W18                  OBUF (Prop_obuf_I_O)         1.276     4.216 r  FAUSSE_SORTIE_OBUF[4]_inst/O
                         net (fo=0)                   0.000     4.216    FAUSSE_SORTIE[4]
    W18                                                               r  FAUSSE_SORTIE[4] (OUT)
  -------------------------------------------------------------------    -------------------

Slack:                    inf
  Source:                 mem_re/B_OUT_reg[3]/C
                            (rising edge-triggered cell FDRE clocked by sysclk_pin  {rise@0.000ns fall@5.000ns period=1500.000ns})
  Destination:            FAUSSE_SORTIE[3]
                            (output port)
  Path Group:             (none)
  Path Type:              Min at Fast Process Corner
  Data Path Delay:        2.840ns  (logic 1.396ns (49.163%)  route 1.444ns (50.837%))
  Logic Levels:           2  (LUT1=1 OBUF=1)
  Clock Uncertainty:      0.025ns  ((TSJ^2 + TIJ^2)^1/2 + DJ) / 2 + PE
    Total System Jitter     (TSJ):    0.050ns
    Total Input Jitter      (TIJ):    0.000ns
    Discrete Jitter          (DJ):    0.000ns
    Phase Error              (PE):    0.000ns

    Location             Delay type                Incr(ns)  Path(ns)    Netlist Resource(s)
  -------------------------------------------------------------------    -------------------
                         (clock sysclk_pin rise edge)
                                                      0.000     0.000 r  
    W5                                                0.000     0.000 r  CLK (IN)
                         net (fo=0)                   0.000     0.000    CLK
    W5                   IBUF (Prop_ibuf_I_O)         0.226     0.226 r  CLK_IBUF_inst/O
                         net (fo=1, routed)           0.631     0.858    CLK_IBUF
    BUFGCTRL_X0Y0        BUFG (Prop_bufg_I_O)         0.026     0.884 r  CLK_IBUF_BUFG_inst/O
                         net (fo=2293, routed)        0.561     1.444    mem_re/CLK
    SLICE_X39Y11         FDRE                                         r  mem_re/B_OUT_reg[3]/C
  -------------------------------------------------------------------    -------------------
    SLICE_X39Y11         FDRE (Prop_fdre_C_Q)         0.141     1.585 f  mem_re/B_OUT_reg[3]/Q
                         net (fo=19, routed)          0.576     2.161    mem_re/B_OUT_reg[7]_0[3]
    SLICE_X34Y27         LUT1 (Prop_lut1_I0_O)        0.045     2.206 r  mem_re/FAUSSE_SORTIE_OBUF[3]_inst_i_1/O
                         net (fo=1, routed)           0.868     3.074    FAUSSE_SORTIE_OBUF[3]
    V19                  OBUF (Prop_obuf_I_O)         1.210     4.284 r  FAUSSE_SORTIE_OBUF[3]_inst/O
                         net (fo=0)                   0.000     4.284    FAUSSE_SORTIE[3]
    V19                                                               r  FAUSSE_SORTIE[3] (OUT)
  -------------------------------------------------------------------    -------------------

Slack:                    inf
  Source:                 mem_re/B_OUT_reg[2]/C
                            (rising edge-triggered cell FDRE clocked by sysclk_pin  {rise@0.000ns fall@5.000ns period=1500.000ns})
  Destination:            FAUSSE_SORTIE[2]
                            (output port)
  Path Group:             (none)
  Path Type:              Min at Fast Process Corner
  Data Path Delay:        2.893ns  (logic 1.476ns (51.029%)  route 1.417ns (48.971%))
  Logic Levels:           2  (LUT1=1 OBUF=1)
  Clock Uncertainty:      0.025ns  ((TSJ^2 + TIJ^2)^1/2 + DJ) / 2 + PE
    Total System Jitter     (TSJ):    0.050ns
    Total Input Jitter      (TIJ):    0.000ns
    Discrete Jitter          (DJ):    0.000ns
    Phase Error              (PE):    0.000ns

    Location             Delay type                Incr(ns)  Path(ns)    Netlist Resource(s)
  -------------------------------------------------------------------    -------------------
                         (clock sysclk_pin rise edge)
                                                      0.000     0.000 r  
    W5                                                0.000     0.000 r  CLK (IN)
                         net (fo=0)                   0.000     0.000    CLK
    W5                   IBUF (Prop_ibuf_I_O)         0.226     0.226 r  CLK_IBUF_inst/O
                         net (fo=1, routed)           0.631     0.858    CLK_IBUF
    BUFGCTRL_X0Y0        BUFG (Prop_bufg_I_O)         0.026     0.884 r  CLK_IBUF_BUFG_inst/O
                         net (fo=2293, routed)        0.560     1.443    mem_re/CLK
    SLICE_X38Y12         FDRE                                         r  mem_re/B_OUT_reg[2]/C
  -------------------------------------------------------------------    -------------------
    SLICE_X38Y12         FDRE (Prop_fdre_C_Q)         0.164     1.607 f  mem_re/B_OUT_reg[2]/Q
                         net (fo=19, routed)          0.635     2.242    mem_re/B_OUT_reg[7]_0[2]
    SLICE_X31Y29         LUT1 (Prop_lut1_I0_O)        0.043     2.285 r  mem_re/FAUSSE_SORTIE_OBUF[2]_inst_i_1/O
                         net (fo=1, routed)           0.781     3.067    FAUSSE_SORTIE_OBUF[2]
    U19                  OBUF (Prop_obuf_I_O)         1.269     4.336 r  FAUSSE_SORTIE_OBUF[2]_inst/O
                         net (fo=0)                   0.000     4.336    FAUSSE_SORTIE[2]
    U19                                                               r  FAUSSE_SORTIE[2] (OUT)
  -------------------------------------------------------------------    -------------------

Slack:                    inf
  Source:                 mem_re/B_OUT_reg[7]/C
                            (rising edge-triggered cell FDRE clocked by sysclk_pin  {rise@0.000ns fall@5.000ns period=1500.000ns})
  Destination:            FAUSSE_SORTIE[7]
                            (output port)
  Path Group:             (none)
  Path Type:              Min at Fast Process Corner
  Data Path Delay:        2.912ns  (logic 1.476ns (50.681%)  route 1.436ns (49.319%))
  Logic Levels:           2  (LUT1=1 OBUF=1)
  Clock Uncertainty:      0.025ns  ((TSJ^2 + TIJ^2)^1/2 + DJ) / 2 + PE
    Total System Jitter     (TSJ):    0.050ns
    Total Input Jitter      (TIJ):    0.000ns
    Discrete Jitter          (DJ):    0.000ns
    Phase Error              (PE):    0.000ns

    Location             Delay type                Incr(ns)  Path(ns)    Netlist Resource(s)
  -------------------------------------------------------------------    -------------------
                         (clock sysclk_pin rise edge)
                                                      0.000     0.000 r  
    W5                                                0.000     0.000 r  CLK (IN)
                         net (fo=0)                   0.000     0.000    CLK
    W5                   IBUF (Prop_ibuf_I_O)         0.226     0.226 r  CLK_IBUF_inst/O
                         net (fo=1, routed)           0.631     0.858    CLK_IBUF
    BUFGCTRL_X0Y0        BUFG (Prop_bufg_I_O)         0.026     0.884 r  CLK_IBUF_BUFG_inst/O
                         net (fo=2293, routed)        0.560     1.443    mem_re/CLK
    SLICE_X38Y12         FDRE                                         r  mem_re/B_OUT_reg[7]/C
  -------------------------------------------------------------------    -------------------
    SLICE_X38Y12         FDRE (Prop_fdre_C_Q)         0.164     1.607 f  mem_re/B_OUT_reg[7]/Q
                         net (fo=19, routed)          0.443     2.051    mem_re/B_OUT_reg[7]_0[7]
    SLICE_X37Y25         LUT1 (Prop_lut1_I0_O)        0.043     2.094 r  mem_re/FAUSSE_SORTIE_OBUF[7]_inst_i_1/O
                         net (fo=1, routed)           0.993     3.086    FAUSSE_SORTIE_OBUF[7]
    V14                  OBUF (Prop_obuf_I_O)         1.269     4.355 r  FAUSSE_SORTIE_OBUF[7]_inst/O
                         net (fo=0)                   0.000     4.355    FAUSSE_SORTIE[7]
    V14                                                               r  FAUSSE_SORTIE[7] (OUT)
  -------------------------------------------------------------------    -------------------

Slack:                    inf
  Source:                 mem_re/B_OUT_reg[1]/C
                            (rising edge-triggered cell FDRE clocked by sysclk_pin  {rise@0.000ns fall@5.000ns period=1500.000ns})
  Destination:            FAUSSE_SORTIE[1]
                            (output port)
  Path Group:             (none)
  Path Type:              Min at Fast Process Corner
  Data Path Delay:        3.050ns  (logic 1.503ns (49.260%)  route 1.548ns (50.740%))
  Logic Levels:           2  (LUT1=1 OBUF=1)
  Clock Uncertainty:      0.025ns  ((TSJ^2 + TIJ^2)^1/2 + DJ) / 2 + PE
    Total System Jitter     (TSJ):    0.050ns
    Total Input Jitter      (TIJ):    0.000ns
    Discrete Jitter          (DJ):    0.000ns
    Phase Error              (PE):    0.000ns

    Location             Delay type                Incr(ns)  Path(ns)    Netlist Resource(s)
  -------------------------------------------------------------------    -------------------
                         (clock sysclk_pin rise edge)
                                                      0.000     0.000 r  
    W5                                                0.000     0.000 r  CLK (IN)
                         net (fo=0)                   0.000     0.000    CLK
    W5                   IBUF (Prop_ibuf_I_O)         0.226     0.226 r  CLK_IBUF_inst/O
                         net (fo=1, routed)           0.631     0.858    CLK_IBUF
    BUFGCTRL_X0Y0        BUFG (Prop_bufg_I_O)         0.026     0.884 r  CLK_IBUF_BUFG_inst/O
                         net (fo=2293, routed)        0.559     1.442    mem_re/CLK
    SLICE_X38Y13         FDRE                                         r  mem_re/B_OUT_reg[1]/C
  -------------------------------------------------------------------    -------------------
    SLICE_X38Y13         FDRE (Prop_fdre_C_Q)         0.164     1.606 f  mem_re/B_OUT_reg[1]/Q
                         net (fo=19, routed)          0.547     2.153    mem_re/B_OUT_reg[7]_0[1]
    SLICE_X31Y29         LUT1 (Prop_lut1_I0_O)        0.046     2.199 r  mem_re/FAUSSE_SORTIE_OBUF[1]_inst_i_1/O
                         net (fo=1, routed)           1.001     3.200    FAUSSE_SORTIE_OBUF[1]
    E19                  OBUF (Prop_obuf_I_O)         1.293     4.492 r  FAUSSE_SORTIE_OBUF[1]_inst/O
                         net (fo=0)                   0.000     4.492    FAUSSE_SORTIE[1]
    E19                                                               r  FAUSSE_SORTIE[1] (OUT)
  -------------------------------------------------------------------    -------------------

Slack:                    inf
  Source:                 mem_re/B_OUT_reg[6]/C
                            (rising edge-triggered cell FDRE clocked by sysclk_pin  {rise@0.000ns fall@5.000ns period=1500.000ns})
  Destination:            FAUSSE_SORTIE[6]
                            (output port)
  Path Group:             (none)
  Path Type:              Min at Fast Process Corner
  Data Path Delay:        3.139ns  (logic 1.454ns (46.330%)  route 1.685ns (53.670%))
  Logic Levels:           2  (LUT1=1 OBUF=1)
  Clock Uncertainty:      0.025ns  ((TSJ^2 + TIJ^2)^1/2 + DJ) / 2 + PE
    Total System Jitter     (TSJ):    0.050ns
    Total Input Jitter      (TIJ):    0.000ns
    Discrete Jitter          (DJ):    0.000ns
    Phase Error              (PE):    0.000ns

    Location             Delay type                Incr(ns)  Path(ns)    Netlist Resource(s)
  -------------------------------------------------------------------    -------------------
                         (clock sysclk_pin rise edge)
                                                      0.000     0.000 r  
    W5                                                0.000     0.000 r  CLK (IN)
                         net (fo=0)                   0.000     0.000    CLK
    W5                   IBUF (Prop_ibuf_I_O)         0.226     0.226 r  CLK_IBUF_inst/O
                         net (fo=1, routed)           0.631     0.858    CLK_IBUF
    BUFGCTRL_X0Y0        BUFG (Prop_bufg_I_O)         0.026     0.884 r  CLK_IBUF_BUFG_inst/O
                         net (fo=2293, routed)        0.561     1.444    mem_re/CLK
    SLICE_X39Y11         FDRE                                         r  mem_re/B_OUT_reg[6]/C
  -------------------------------------------------------------------    -------------------
    SLICE_X39Y11         FDRE (Prop_fdre_C_Q)         0.141     1.585 f  mem_re/B_OUT_reg[6]/Q
                         net (fo=19, routed)          0.542     2.127    mem_re/B_OUT_reg[7]_0[6]
    SLICE_X37Y25         LUT1 (Prop_lut1_I0_O)        0.044     2.171 r  mem_re/FAUSSE_SORTIE_OBUF[6]_inst_i_1/O
                         net (fo=1, routed)           1.143     3.314    FAUSSE_SORTIE_OBUF[6]
    U14                  OBUF (Prop_obuf_I_O)         1.269     4.583 r  FAUSSE_SORTIE_OBUF[6]_inst/O
                         net (fo=0)                   0.000     4.583    FAUSSE_SORTIE[6]
    U14                                                               r  FAUSSE_SORTIE[6] (OUT)
  -------------------------------------------------------------------    -------------------

Slack:                    inf
  Source:                 mem_re/B_OUT_reg[0]/C
                            (rising edge-triggered cell FDRE clocked by sysclk_pin  {rise@0.000ns fall@5.000ns period=1500.000ns})
  Destination:            FAUSSE_SORTIE[0]
                            (output port)
  Path Group:             (none)
  Path Type:              Min at Fast Process Corner
  Data Path Delay:        3.196ns  (logic 1.392ns (43.558%)  route 1.804ns (56.442%))
  Logic Levels:           2  (LUT1=1 OBUF=1)
  Clock Uncertainty:      0.025ns  ((TSJ^2 + TIJ^2)^1/2 + DJ) / 2 + PE
    Total System Jitter     (TSJ):    0.050ns
    Total Input Jitter      (TIJ):    0.000ns
    Discrete Jitter          (DJ):    0.000ns
    Phase Error              (PE):    0.000ns

    Location             Delay type                Incr(ns)  Path(ns)    Netlist Resource(s)
  -------------------------------------------------------------------    -------------------
                         (clock sysclk_pin rise edge)
                                                      0.000     0.000 r  
    W5                                                0.000     0.000 r  CLK (IN)
                         net (fo=0)                   0.000     0.000    CLK
    W5                   IBUF (Prop_ibuf_I_O)         0.226     0.226 r  CLK_IBUF_inst/O
                         net (fo=1, routed)           0.631     0.858    CLK_IBUF
    BUFGCTRL_X0Y0        BUFG (Prop_bufg_I_O)         0.026     0.884 r  CLK_IBUF_BUFG_inst/O
                         net (fo=2293, routed)        0.559     1.442    mem_re/CLK
    SLICE_X39Y13         FDRE                                         r  mem_re/B_OUT_reg[0]/C
  -------------------------------------------------------------------    -------------------
    SLICE_X39Y13         FDRE (Prop_fdre_C_Q)         0.141     1.583 f  mem_re/B_OUT_reg[0]/Q
                         net (fo=19, routed)          0.687     2.270    mem_re/B_OUT_reg[7]_0[0]
    SLICE_X35Y29         LUT1 (Prop_lut1_I0_O)        0.045     2.315 r  mem_re/FAUSSE_SORTIE_OBUF[0]_inst_i_1/O
                         net (fo=1, routed)           1.117     3.432    FAUSSE_SORTIE_OBUF[0]
    U16                  OBUF (Prop_obuf_I_O)         1.206     4.638 r  FAUSSE_SORTIE_OBUF[0]_inst/O
                         net (fo=0)                   0.000     4.638    FAUSSE_SORTIE[0]
    U16                                                               r  FAUSSE_SORTIE[0] (OUT)
  -------------------------------------------------------------------    -------------------

Slack:                    inf
  Source:                 mem_re/B_OUT_reg[5]/C
                            (rising edge-triggered cell FDRE clocked by sysclk_pin  {rise@0.000ns fall@5.000ns period=1500.000ns})
  Destination:            FAUSSE_SORTIE[5]
                            (output port)
  Path Group:             (none)
  Path Type:              Min at Fast Process Corner
  Data Path Delay:        3.566ns  (logic 1.490ns (41.766%)  route 2.077ns (58.234%))
  Logic Levels:           2  (LUT1=1 OBUF=1)
  Clock Uncertainty:      0.025ns  ((TSJ^2 + TIJ^2)^1/2 + DJ) / 2 + PE
    Total System Jitter     (TSJ):    0.050ns
    Total Input Jitter      (TIJ):    0.000ns
    Discrete Jitter          (DJ):    0.000ns
    Phase Error              (PE):    0.000ns

    Location             Delay type                Incr(ns)  Path(ns)    Netlist Resource(s)
  -------------------------------------------------------------------    -------------------
                         (clock sysclk_pin rise edge)
                                                      0.000     0.000 r  
    W5                                                0.000     0.000 r  CLK (IN)
                         net (fo=0)                   0.000     0.000    CLK
    W5                   IBUF (Prop_ibuf_I_O)         0.226     0.226 r  CLK_IBUF_inst/O
                         net (fo=1, routed)           0.631     0.858    CLK_IBUF
    BUFGCTRL_X0Y0        BUFG (Prop_bufg_I_O)         0.026     0.884 r  CLK_IBUF_BUFG_inst/O
                         net (fo=2293, routed)        0.559     1.442    mem_re/CLK
    SLICE_X42Y13         FDRE                                         r  mem_re/B_OUT_reg[5]/C
  -------------------------------------------------------------------    -------------------
    SLICE_X42Y13         FDRE (Prop_fdre_C_Q)         0.164     1.606 f  mem_re/B_OUT_reg[5]/Q
                         net (fo=19, routed)          1.056     2.662    mem_re/B_OUT_reg[7]_0[5]
    SLICE_X37Y28         LUT1 (Prop_lut1_I0_O)        0.043     2.705 r  mem_re/FAUSSE_SORTIE_OBUF[5]_inst_i_1/O
                         net (fo=1, routed)           1.021     3.726    FAUSSE_SORTIE_OBUF[5]
    U15                  OBUF (Prop_obuf_I_O)         1.283     5.009 r  FAUSSE_SORTIE_OBUF[5]_inst/O
                         net (fo=0)                   0.000     5.009    FAUSSE_SORTIE[5]
    U15                                                               r  FAUSSE_SORTIE[5] (OUT)
  -------------------------------------------------------------------    -------------------





--------------------------------------------------------------------------------------
Path Group:  (none)
From Clock:  
  To Clock:  sysclk_pin

Max Delay          2184 Endpoints
Min Delay          2184 Endpoints
--------------------------------------------------------------------------------------


Max Delay Paths
--------------------------------------------------------------------------------------
Slack:                    inf
  Source:                 RST
                            (input port)
  Destination:            data_mem/data_reg[174][6]/R
                            (rising edge-triggered cell FDRE clocked by sysclk_pin  {rise@0.000ns fall@5.000ns period=1500.000ns})
  Path Group:             (none)
  Path Type:              Setup (Max at Slow Process Corner)
  Data Path Delay:        15.256ns  (logic 1.575ns (10.325%)  route 13.681ns (89.675%))
  Logic Levels:           2  (IBUF=1 LUT1=1)
  Clock Path Skew:        4.843ns (DCD - SCD + CPR)
    Destination Clock Delay (DCD):    4.843ns
    Source Clock Delay      (SCD):    0.000ns
    Clock Pessimism Removal (CPR):    0.000ns
  Clock Uncertainty:      0.025ns  ((TSJ^2 + TIJ^2)^1/2 + DJ) / 2 + PE
    Total System Jitter     (TSJ):    0.050ns
    Total Input Jitter      (TIJ):    0.000ns
    Discrete Jitter          (DJ):    0.000ns
    Phase Error              (PE):    0.000ns

    Location             Delay type                Incr(ns)  Path(ns)    Netlist Resource(s)
  -------------------------------------------------------------------    -------------------
    W19                                               0.000     0.000 f  RST (IN)
                         net (fo=0)                   0.000     0.000    RST
    W19                  IBUF (Prop_ibuf_I_O)         1.451     1.451 f  RST_IBUF_inst/O
                         net (fo=1, routed)           2.304     3.756    data_mem/RST_IBUF
    SLICE_X28Y17         LUT1 (Prop_lut1_I0_O)        0.124     3.880 r  data_mem/data[255][7]_i_1/O
                         net (fo=2184, routed)       11.377    15.256    data_mem/p_0_in
    SLICE_X62Y25         FDRE                                         r  data_mem/data_reg[174][6]/R
  -------------------------------------------------------------------    -------------------

                         (clock sysclk_pin rise edge)
                                                      0.000     0.000 r  
    W5                                                0.000     0.000 r  CLK (IN)
                         net (fo=0)                   0.000     0.000    CLK
    W5                   IBUF (Prop_ibuf_I_O)         1.388     1.388 r  CLK_IBUF_inst/O
                         net (fo=1, routed)           1.862     3.250    CLK_IBUF
    BUFGCTRL_X0Y0        BUFG (Prop_bufg_I_O)         0.091     3.341 r  CLK_IBUF_BUFG_inst/O
                         net (fo=2293, routed)        1.502     4.843    data_mem/CLK_IBUF_BUFG
    SLICE_X62Y25         FDRE                                         r  data_mem/data_reg[174][6]/C

Slack:                    inf
  Source:                 RST
                            (input port)
  Destination:            data_mem/data_reg[161][0]/R
                            (rising edge-triggered cell FDRE clocked by sysclk_pin  {rise@0.000ns fall@5.000ns period=1500.000ns})
  Path Group:             (none)
  Path Type:              Setup (Max at Slow Process Corner)
  Data Path Delay:        15.091ns  (logic 1.575ns (10.439%)  route 13.515ns (89.561%))
  Logic Levels:           2  (IBUF=1 LUT1=1)
  Clock Path Skew:        4.843ns (DCD - SCD + CPR)
    Destination Clock Delay (DCD):    4.843ns
    Source Clock Delay      (SCD):    0.000ns
    Clock Pessimism Removal (CPR):    0.000ns
  Clock Uncertainty:      0.025ns  ((TSJ^2 + TIJ^2)^1/2 + DJ) / 2 + PE
    Total System Jitter     (TSJ):    0.050ns
    Total Input Jitter      (TIJ):    0.000ns
    Discrete Jitter          (DJ):    0.000ns
    Phase Error              (PE):    0.000ns

    Location             Delay type                Incr(ns)  Path(ns)    Netlist Resource(s)
  -------------------------------------------------------------------    -------------------
    W19                                               0.000     0.000 f  RST (IN)
                         net (fo=0)                   0.000     0.000    RST
    W19                  IBUF (Prop_ibuf_I_O)         1.451     1.451 f  RST_IBUF_inst/O
                         net (fo=1, routed)           2.304     3.756    data_mem/RST_IBUF
    SLICE_X28Y17         LUT1 (Prop_lut1_I0_O)        0.124     3.880 r  data_mem/data[255][7]_i_1/O
                         net (fo=2184, routed)       11.211    15.091    data_mem/p_0_in
    SLICE_X62Y24         FDRE                                         r  data_mem/data_reg[161][0]/R
  -------------------------------------------------------------------    -------------------

                         (clock sysclk_pin rise edge)
                                                      0.000     0.000 r  
    W5                                                0.000     0.000 r  CLK (IN)
                         net (fo=0)                   0.000     0.000    CLK
    W5                   IBUF (Prop_ibuf_I_O)         1.388     1.388 r  CLK_IBUF_inst/O
                         net (fo=1, routed)           1.862     3.250    CLK_IBUF
    BUFGCTRL_X0Y0        BUFG (Prop_bufg_I_O)         0.091     3.341 r  CLK_IBUF_BUFG_inst/O
                         net (fo=2293, routed)        1.502     4.843    data_mem/CLK_IBUF_BUFG
    SLICE_X62Y24         FDRE                                         r  data_mem/data_reg[161][0]/C

Slack:                    inf
  Source:                 RST
                            (input port)
  Destination:            data_mem/data_reg[161][3]/R
                            (rising edge-triggered cell FDRE clocked by sysclk_pin  {rise@0.000ns fall@5.000ns period=1500.000ns})
  Path Group:             (none)
  Path Type:              Setup (Max at Slow Process Corner)
  Data Path Delay:        15.091ns  (logic 1.575ns (10.439%)  route 13.515ns (89.561%))
  Logic Levels:           2  (IBUF=1 LUT1=1)
  Clock Path Skew:        4.843ns (DCD - SCD + CPR)
    Destination Clock Delay (DCD):    4.843ns
    Source Clock Delay      (SCD):    0.000ns
    Clock Pessimism Removal (CPR):    0.000ns
  Clock Uncertainty:      0.025ns  ((TSJ^2 + TIJ^2)^1/2 + DJ) / 2 + PE
    Total System Jitter     (TSJ):    0.050ns
    Total Input Jitter      (TIJ):    0.000ns
    Discrete Jitter          (DJ):    0.000ns
    Phase Error              (PE):    0.000ns

    Location             Delay type                Incr(ns)  Path(ns)    Netlist Resource(s)
  -------------------------------------------------------------------    -------------------
    W19                                               0.000     0.000 f  RST (IN)
                         net (fo=0)                   0.000     0.000    RST
    W19                  IBUF (Prop_ibuf_I_O)         1.451     1.451 f  RST_IBUF_inst/O
                         net (fo=1, routed)           2.304     3.756    data_mem/RST_IBUF
    SLICE_X28Y17         LUT1 (Prop_lut1_I0_O)        0.124     3.880 r  data_mem/data[255][7]_i_1/O
                         net (fo=2184, routed)       11.211    15.091    data_mem/p_0_in
    SLICE_X62Y24         FDRE                                         r  data_mem/data_reg[161][3]/R
  -------------------------------------------------------------------    -------------------

                         (clock sysclk_pin rise edge)
                                                      0.000     0.000 r  
    W5                                                0.000     0.000 r  CLK (IN)
                         net (fo=0)                   0.000     0.000    CLK
    W5                   IBUF (Prop_ibuf_I_O)         1.388     1.388 r  CLK_IBUF_inst/O
                         net (fo=1, routed)           1.862     3.250    CLK_IBUF
    BUFGCTRL_X0Y0        BUFG (Prop_bufg_I_O)         0.091     3.341 r  CLK_IBUF_BUFG_inst/O
                         net (fo=2293, routed)        1.502     4.843    data_mem/CLK_IBUF_BUFG
    SLICE_X62Y24         FDRE                                         r  data_mem/data_reg[161][3]/C

Slack:                    inf
  Source:                 RST
                            (input port)
  Destination:            data_mem/data_reg[161][6]/R
                            (rising edge-triggered cell FDRE clocked by sysclk_pin  {rise@0.000ns fall@5.000ns period=1500.000ns})
  Path Group:             (none)
  Path Type:              Setup (Max at Slow Process Corner)
  Data Path Delay:        15.091ns  (logic 1.575ns (10.439%)  route 13.515ns (89.561%))
  Logic Levels:           2  (IBUF=1 LUT1=1)
  Clock Path Skew:        4.843ns (DCD - SCD + CPR)
    Destination Clock Delay (DCD):    4.843ns
    Source Clock Delay      (SCD):    0.000ns
    Clock Pessimism Removal (CPR):    0.000ns
  Clock Uncertainty:      0.025ns  ((TSJ^2 + TIJ^2)^1/2 + DJ) / 2 + PE
    Total System Jitter     (TSJ):    0.050ns
    Total Input Jitter      (TIJ):    0.000ns
    Discrete Jitter          (DJ):    0.000ns
    Phase Error              (PE):    0.000ns

    Location             Delay type                Incr(ns)  Path(ns)    Netlist Resource(s)
  -------------------------------------------------------------------    -------------------
    W19                                               0.000     0.000 f  RST (IN)
                         net (fo=0)                   0.000     0.000    RST
    W19                  IBUF (Prop_ibuf_I_O)         1.451     1.451 f  RST_IBUF_inst/O
                         net (fo=1, routed)           2.304     3.756    data_mem/RST_IBUF
    SLICE_X28Y17         LUT1 (Prop_lut1_I0_O)        0.124     3.880 r  data_mem/data[255][7]_i_1/O
                         net (fo=2184, routed)       11.211    15.091    data_mem/p_0_in
    SLICE_X62Y24         FDRE                                         r  data_mem/data_reg[161][6]/R
  -------------------------------------------------------------------    -------------------

                         (clock sysclk_pin rise edge)
                                                      0.000     0.000 r  
    W5                                                0.000     0.000 r  CLK (IN)
                         net (fo=0)                   0.000     0.000    CLK
    W5                   IBUF (Prop_ibuf_I_O)         1.388     1.388 r  CLK_IBUF_inst/O
                         net (fo=1, routed)           1.862     3.250    CLK_IBUF
    BUFGCTRL_X0Y0        BUFG (Prop_bufg_I_O)         0.091     3.341 r  CLK_IBUF_BUFG_inst/O
                         net (fo=2293, routed)        1.502     4.843    data_mem/CLK_IBUF_BUFG
    SLICE_X62Y24         FDRE                                         r  data_mem/data_reg[161][6]/C

Slack:                    inf
  Source:                 RST
                            (input port)
  Destination:            data_mem/data_reg[173][6]/R
                            (rising edge-triggered cell FDRE clocked by sysclk_pin  {rise@0.000ns fall@5.000ns period=1500.000ns})
  Path Group:             (none)
  Path Type:              Setup (Max at Slow Process Corner)
  Data Path Delay:        15.086ns  (logic 1.575ns (10.442%)  route 13.511ns (89.558%))
  Logic Levels:           2  (IBUF=1 LUT1=1)
  Clock Path Skew:        4.843ns (DCD - SCD + CPR)
    Destination Clock Delay (DCD):    4.843ns
    Source Clock Delay      (SCD):    0.000ns
    Clock Pessimism Removal (CPR):    0.000ns
  Clock Uncertainty:      0.025ns  ((TSJ^2 + TIJ^2)^1/2 + DJ) / 2 + PE
    Total System Jitter     (TSJ):    0.050ns
    Total Input Jitter      (TIJ):    0.000ns
    Discrete Jitter          (DJ):    0.000ns
    Phase Error              (PE):    0.000ns

    Location             Delay type                Incr(ns)  Path(ns)    Netlist Resource(s)
  -------------------------------------------------------------------    -------------------
    W19                                               0.000     0.000 f  RST (IN)
                         net (fo=0)                   0.000     0.000    RST
    W19                  IBUF (Prop_ibuf_I_O)         1.451     1.451 f  RST_IBUF_inst/O
                         net (fo=1, routed)           2.304     3.756    data_mem/RST_IBUF
    SLICE_X28Y17         LUT1 (Prop_lut1_I0_O)        0.124     3.880 r  data_mem/data[255][7]_i_1/O
                         net (fo=2184, routed)       11.207    15.086    data_mem/p_0_in
    SLICE_X63Y24         FDRE                                         r  data_mem/data_reg[173][6]/R
  -------------------------------------------------------------------    -------------------

                         (clock sysclk_pin rise edge)
                                                      0.000     0.000 r  
    W5                                                0.000     0.000 r  CLK (IN)
                         net (fo=0)                   0.000     0.000    CLK
    W5                   IBUF (Prop_ibuf_I_O)         1.388     1.388 r  CLK_IBUF_inst/O
                         net (fo=1, routed)           1.862     3.250    CLK_IBUF
    BUFGCTRL_X0Y0        BUFG (Prop_bufg_I_O)         0.091     3.341 r  CLK_IBUF_BUFG_inst/O
                         net (fo=2293, routed)        1.502     4.843    data_mem/CLK_IBUF_BUFG
    SLICE_X63Y24         FDRE                                         r  data_mem/data_reg[173][6]/C

Slack:                    inf
  Source:                 RST
                            (input port)
  Destination:            data_mem/data_reg[161][5]/R
                            (rising edge-triggered cell FDRE clocked by sysclk_pin  {rise@0.000ns fall@5.000ns period=1500.000ns})
  Path Group:             (none)
  Path Type:              Setup (Max at Slow Process Corner)
  Data Path Delay:        14.935ns  (logic 1.575ns (10.547%)  route 13.360ns (89.453%))
  Logic Levels:           2  (IBUF=1 LUT1=1)
  Clock Path Skew:        4.845ns (DCD - SCD + CPR)
    Destination Clock Delay (DCD):    4.845ns
    Source Clock Delay      (SCD):    0.000ns
    Clock Pessimism Removal (CPR):    0.000ns
  Clock Uncertainty:      0.025ns  ((TSJ^2 + TIJ^2)^1/2 + DJ) / 2 + PE
    Total System Jitter     (TSJ):    0.050ns
    Total Input Jitter      (TIJ):    0.000ns
    Discrete Jitter          (DJ):    0.000ns
    Phase Error              (PE):    0.000ns

    Location             Delay type                Incr(ns)  Path(ns)    Netlist Resource(s)
  -------------------------------------------------------------------    -------------------
    W19                                               0.000     0.000 f  RST (IN)
                         net (fo=0)                   0.000     0.000    RST
    W19                  IBUF (Prop_ibuf_I_O)         1.451     1.451 f  RST_IBUF_inst/O
                         net (fo=1, routed)           2.304     3.756    data_mem/RST_IBUF
    SLICE_X28Y17         LUT1 (Prop_lut1_I0_O)        0.124     3.880 r  data_mem/data[255][7]_i_1/O
                         net (fo=2184, routed)       11.055    14.935    data_mem/p_0_in
    SLICE_X62Y23         FDRE                                         r  data_mem/data_reg[161][5]/R
  -------------------------------------------------------------------    -------------------

                         (clock sysclk_pin rise edge)
                                                      0.000     0.000 r  
    W5                                                0.000     0.000 r  CLK (IN)
                         net (fo=0)                   0.000     0.000    CLK
    W5                   IBUF (Prop_ibuf_I_O)         1.388     1.388 r  CLK_IBUF_inst/O
                         net (fo=1, routed)           1.862     3.250    CLK_IBUF
    BUFGCTRL_X0Y0        BUFG (Prop_bufg_I_O)         0.091     3.341 r  CLK_IBUF_BUFG_inst/O
                         net (fo=2293, routed)        1.504     4.845    data_mem/CLK_IBUF_BUFG
    SLICE_X62Y23         FDRE                                         r  data_mem/data_reg[161][5]/C

Slack:                    inf
  Source:                 RST
                            (input port)
  Destination:            data_mem/data_reg[174][5]/R
                            (rising edge-triggered cell FDRE clocked by sysclk_pin  {rise@0.000ns fall@5.000ns period=1500.000ns})
  Path Group:             (none)
  Path Type:              Setup (Max at Slow Process Corner)
  Data Path Delay:        14.930ns  (logic 1.575ns (10.550%)  route 13.355ns (89.450%))
  Logic Levels:           2  (IBUF=1 LUT1=1)
  Clock Path Skew:        4.845ns (DCD - SCD + CPR)
    Destination Clock Delay (DCD):    4.845ns
    Source Clock Delay      (SCD):    0.000ns
    Clock Pessimism Removal (CPR):    0.000ns
  Clock Uncertainty:      0.025ns  ((TSJ^2 + TIJ^2)^1/2 + DJ) / 2 + PE
    Total System Jitter     (TSJ):    0.050ns
    Total Input Jitter      (TIJ):    0.000ns
    Discrete Jitter          (DJ):    0.000ns
    Phase Error              (PE):    0.000ns

    Location             Delay type                Incr(ns)  Path(ns)    Netlist Resource(s)
  -------------------------------------------------------------------    -------------------
    W19                                               0.000     0.000 f  RST (IN)
                         net (fo=0)                   0.000     0.000    RST
    W19                  IBUF (Prop_ibuf_I_O)         1.451     1.451 f  RST_IBUF_inst/O
                         net (fo=1, routed)           2.304     3.756    data_mem/RST_IBUF
    SLICE_X28Y17         LUT1 (Prop_lut1_I0_O)        0.124     3.880 r  data_mem/data[255][7]_i_1/O
                         net (fo=2184, routed)       11.051    14.931    data_mem/p_0_in
    SLICE_X63Y23         FDRE                                         r  data_mem/data_reg[174][5]/R
  -------------------------------------------------------------------    -------------------

                         (clock sysclk_pin rise edge)
                                                      0.000     0.000 r  
    W5                                                0.000     0.000 r  CLK (IN)
                         net (fo=0)                   0.000     0.000    CLK
    W5                   IBUF (Prop_ibuf_I_O)         1.388     1.388 r  CLK_IBUF_inst/O
                         net (fo=1, routed)           1.862     3.250    CLK_IBUF
    BUFGCTRL_X0Y0        BUFG (Prop_bufg_I_O)         0.091     3.341 r  CLK_IBUF_BUFG_inst/O
                         net (fo=2293, routed)        1.504     4.845    data_mem/CLK_IBUF_BUFG
    SLICE_X63Y23         FDRE                                         r  data_mem/data_reg[174][5]/C

Slack:                    inf
  Source:                 RST
                            (input port)
  Destination:            data_mem/data_reg[170][4]/R
                            (rising edge-triggered cell FDRE clocked by sysclk_pin  {rise@0.000ns fall@5.000ns period=1500.000ns})
  Path Group:             (none)
  Path Type:              Setup (Max at Slow Process Corner)
  Data Path Delay:        14.779ns  (logic 1.575ns (10.659%)  route 13.204ns (89.341%))
  Logic Levels:           2  (IBUF=1 LUT1=1)
  Clock Path Skew:        4.846ns (DCD - SCD + CPR)
    Destination Clock Delay (DCD):    4.846ns
    Source Clock Delay      (SCD):    0.000ns
    Clock Pessimism Removal (CPR):    0.000ns
  Clock Uncertainty:      0.025ns  ((TSJ^2 + TIJ^2)^1/2 + DJ) / 2 + PE
    Total System Jitter     (TSJ):    0.050ns
    Total Input Jitter      (TIJ):    0.000ns
    Discrete Jitter          (DJ):    0.000ns
    Phase Error              (PE):    0.000ns

    Location             Delay type                Incr(ns)  Path(ns)    Netlist Resource(s)
  -------------------------------------------------------------------    -------------------
    W19                                               0.000     0.000 f  RST (IN)
                         net (fo=0)                   0.000     0.000    RST
    W19                  IBUF (Prop_ibuf_I_O)         1.451     1.451 f  RST_IBUF_inst/O
                         net (fo=1, routed)           2.304     3.756    data_mem/RST_IBUF
    SLICE_X28Y17         LUT1 (Prop_lut1_I0_O)        0.124     3.880 r  data_mem/data[255][7]_i_1/O
                         net (fo=2184, routed)       10.900    14.779    data_mem/p_0_in
    SLICE_X62Y22         FDRE                                         r  data_mem/data_reg[170][4]/R
  -------------------------------------------------------------------    -------------------

                         (clock sysclk_pin rise edge)
                                                      0.000     0.000 r  
    W5                                                0.000     0.000 r  CLK (IN)
                         net (fo=0)                   0.000     0.000    CLK
    W5                   IBUF (Prop_ibuf_I_O)         1.388     1.388 r  CLK_IBUF_inst/O
                         net (fo=1, routed)           1.862     3.250    CLK_IBUF
    BUFGCTRL_X0Y0        BUFG (Prop_bufg_I_O)         0.091     3.341 r  CLK_IBUF_BUFG_inst/O
                         net (fo=2293, routed)        1.505     4.846    data_mem/CLK_IBUF_BUFG
    SLICE_X62Y22         FDRE                                         r  data_mem/data_reg[170][4]/C

Slack:                    inf
  Source:                 RST
                            (input port)
  Destination:            data_mem/data_reg[170][6]/R
                            (rising edge-triggered cell FDRE clocked by sysclk_pin  {rise@0.000ns fall@5.000ns period=1500.000ns})
  Path Group:             (none)
  Path Type:              Setup (Max at Slow Process Corner)
  Data Path Delay:        14.779ns  (logic 1.575ns (10.659%)  route 13.204ns (89.341%))
  Logic Levels:           2  (IBUF=1 LUT1=1)
  Clock Path Skew:        4.846ns (DCD - SCD + CPR)
    Destination Clock Delay (DCD):    4.846ns
    Source Clock Delay      (SCD):    0.000ns
    Clock Pessimism Removal (CPR):    0.000ns
  Clock Uncertainty:      0.025ns  ((TSJ^2 + TIJ^2)^1/2 + DJ) / 2 + PE
    Total System Jitter     (TSJ):    0.050ns
    Total Input Jitter      (TIJ):    0.000ns
    Discrete Jitter          (DJ):    0.000ns
    Phase Error              (PE):    0.000ns

    Location             Delay type                Incr(ns)  Path(ns)    Netlist Resource(s)
  -------------------------------------------------------------------    -------------------
    W19                                               0.000     0.000 f  RST (IN)
                         net (fo=0)                   0.000     0.000    RST
    W19                  IBUF (Prop_ibuf_I_O)         1.451     1.451 f  RST_IBUF_inst/O
                         net (fo=1, routed)           2.304     3.756    data_mem/RST_IBUF
    SLICE_X28Y17         LUT1 (Prop_lut1_I0_O)        0.124     3.880 r  data_mem/data[255][7]_i_1/O
                         net (fo=2184, routed)       10.900    14.779    data_mem/p_0_in
    SLICE_X62Y22         FDRE                                         r  data_mem/data_reg[170][6]/R
  -------------------------------------------------------------------    -------------------

                         (clock sysclk_pin rise edge)
                                                      0.000     0.000 r  
    W5                                                0.000     0.000 r  CLK (IN)
                         net (fo=0)                   0.000     0.000    CLK
    W5                   IBUF (Prop_ibuf_I_O)         1.388     1.388 r  CLK_IBUF_inst/O
                         net (fo=1, routed)           1.862     3.250    CLK_IBUF
    BUFGCTRL_X0Y0        BUFG (Prop_bufg_I_O)         0.091     3.341 r  CLK_IBUF_BUFG_inst/O
                         net (fo=2293, routed)        1.505     4.846    data_mem/CLK_IBUF_BUFG
    SLICE_X62Y22         FDRE                                         r  data_mem/data_reg[170][6]/C

Slack:                    inf
  Source:                 RST
                            (input port)
  Destination:            data_mem/data_reg[170][7]/R
                            (rising edge-triggered cell FDRE clocked by sysclk_pin  {rise@0.000ns fall@5.000ns period=1500.000ns})
  Path Group:             (none)
  Path Type:              Setup (Max at Slow Process Corner)
  Data Path Delay:        14.779ns  (logic 1.575ns (10.659%)  route 13.204ns (89.341%))
  Logic Levels:           2  (IBUF=1 LUT1=1)
  Clock Path Skew:        4.846ns (DCD - SCD + CPR)
    Destination Clock Delay (DCD):    4.846ns
    Source Clock Delay      (SCD):    0.000ns
    Clock Pessimism Removal (CPR):    0.000ns
  Clock Uncertainty:      0.025ns  ((TSJ^2 + TIJ^2)^1/2 + DJ) / 2 + PE
    Total System Jitter     (TSJ):    0.050ns
    Total Input Jitter      (TIJ):    0.000ns
    Discrete Jitter          (DJ):    0.000ns
    Phase Error              (PE):    0.000ns

    Location             Delay type                Incr(ns)  Path(ns)    Netlist Resource(s)
  -------------------------------------------------------------------    -------------------
    W19                                               0.000     0.000 f  RST (IN)
                         net (fo=0)                   0.000     0.000    RST
    W19                  IBUF (Prop_ibuf_I_O)         1.451     1.451 f  RST_IBUF_inst/O
                         net (fo=1, routed)           2.304     3.756    data_mem/RST_IBUF
    SLICE_X28Y17         LUT1 (Prop_lut1_I0_O)        0.124     3.880 r  data_mem/data[255][7]_i_1/O
                         net (fo=2184, routed)       10.900    14.779    data_mem/p_0_in
    SLICE_X62Y22         FDRE                                         r  data_mem/data_reg[170][7]/R
  -------------------------------------------------------------------    -------------------

                         (clock sysclk_pin rise edge)
                                                      0.000     0.000 r  
    W5                                                0.000     0.000 r  CLK (IN)
                         net (fo=0)                   0.000     0.000    CLK
    W5                   IBUF (Prop_ibuf_I_O)         1.388     1.388 r  CLK_IBUF_inst/O
                         net (fo=1, routed)           1.862     3.250    CLK_IBUF
    BUFGCTRL_X0Y0        BUFG (Prop_bufg_I_O)         0.091     3.341 r  CLK_IBUF_BUFG_inst/O
                         net (fo=2293, routed)        1.505     4.846    data_mem/CLK_IBUF_BUFG
    SLICE_X62Y22         FDRE                                         r  data_mem/data_reg[170][7]/C





Min Delay Paths
--------------------------------------------------------------------------------------
Slack:                    inf
  Source:                 RST
                            (input port)
  Destination:            data_mem/data_reg[64][0]/R
                            (rising edge-triggered cell FDRE clocked by sysclk_pin  {rise@0.000ns fall@5.000ns period=1500.000ns})
  Path Group:             (none)
  Path Type:              Hold (Min at Fast Process Corner)
  Data Path Delay:        1.462ns  (logic 0.264ns (18.079%)  route 1.198ns (81.921%))
  Logic Levels:           2  (IBUF=1 LUT1=1)
  Clock Path Skew:        1.952ns (DCD - SCD - CPR)
    Destination Clock Delay (DCD):    1.952ns
    Source Clock Delay      (SCD):    0.000ns
    Clock Pessimism Removal (CPR):    -0.000ns

    Location             Delay type                Incr(ns)  Path(ns)    Netlist Resource(s)
  -------------------------------------------------------------------    -------------------
    W19                                               0.000     0.000 f  RST (IN)
                         net (fo=0)                   0.000     0.000    RST
    W19                  IBUF (Prop_ibuf_I_O)         0.219     0.219 f  RST_IBUF_inst/O
                         net (fo=1, routed)           0.988     1.208    data_mem/RST_IBUF
    SLICE_X28Y17         LUT1 (Prop_lut1_I0_O)        0.045     1.253 r  data_mem/data[255][7]_i_1/O
                         net (fo=2184, routed)        0.210     1.462    data_mem/p_0_in
    SLICE_X31Y16         FDRE                                         r  data_mem/data_reg[64][0]/R
  -------------------------------------------------------------------    -------------------

                         (clock sysclk_pin rise edge)
                                                      0.000     0.000 r  
    W5                                                0.000     0.000 r  CLK (IN)
                         net (fo=0)                   0.000     0.000    CLK
    W5                   IBUF (Prop_ibuf_I_O)         0.414     0.414 r  CLK_IBUF_inst/O
                         net (fo=1, routed)           0.685     1.099    CLK_IBUF
    BUFGCTRL_X0Y0        BUFG (Prop_bufg_I_O)         0.029     1.128 r  CLK_IBUF_BUFG_inst/O
                         net (fo=2293, routed)        0.825     1.952    data_mem/CLK_IBUF_BUFG
    SLICE_X31Y16         FDRE                                         r  data_mem/data_reg[64][0]/C

Slack:                    inf
  Source:                 RST
                            (input port)
  Destination:            data_mem/data_reg[64][2]/R
                            (rising edge-triggered cell FDRE clocked by sysclk_pin  {rise@0.000ns fall@5.000ns period=1500.000ns})
  Path Group:             (none)
  Path Type:              Hold (Min at Fast Process Corner)
  Data Path Delay:        1.462ns  (logic 0.264ns (18.079%)  route 1.198ns (81.921%))
  Logic Levels:           2  (IBUF=1 LUT1=1)
  Clock Path Skew:        1.952ns (DCD - SCD - CPR)
    Destination Clock Delay (DCD):    1.952ns
    Source Clock Delay      (SCD):    0.000ns
    Clock Pessimism Removal (CPR):    -0.000ns

    Location             Delay type                Incr(ns)  Path(ns)    Netlist Resource(s)
  -------------------------------------------------------------------    -------------------
    W19                                               0.000     0.000 f  RST (IN)
                         net (fo=0)                   0.000     0.000    RST
    W19                  IBUF (Prop_ibuf_I_O)         0.219     0.219 f  RST_IBUF_inst/O
                         net (fo=1, routed)           0.988     1.208    data_mem/RST_IBUF
    SLICE_X28Y17         LUT1 (Prop_lut1_I0_O)        0.045     1.253 r  data_mem/data[255][7]_i_1/O
                         net (fo=2184, routed)        0.210     1.462    data_mem/p_0_in
    SLICE_X31Y16         FDRE                                         r  data_mem/data_reg[64][2]/R
  -------------------------------------------------------------------    -------------------

                         (clock sysclk_pin rise edge)
                                                      0.000     0.000 r  
    W5                                                0.000     0.000 r  CLK (IN)
                         net (fo=0)                   0.000     0.000    CLK
    W5                   IBUF (Prop_ibuf_I_O)         0.414     0.414 r  CLK_IBUF_inst/O
                         net (fo=1, routed)           0.685     1.099    CLK_IBUF
    BUFGCTRL_X0Y0        BUFG (Prop_bufg_I_O)         0.029     1.128 r  CLK_IBUF_BUFG_inst/O
                         net (fo=2293, routed)        0.825     1.952    data_mem/CLK_IBUF_BUFG
    SLICE_X31Y16         FDRE                                         r  data_mem/data_reg[64][2]/C

Slack:                    inf
  Source:                 RST
                            (input port)
  Destination:            data_mem/data_reg[73][0]/R
                            (rising edge-triggered cell FDRE clocked by sysclk_pin  {rise@0.000ns fall@5.000ns period=1500.000ns})
  Path Group:             (none)
  Path Type:              Hold (Min at Fast Process Corner)
  Data Path Delay:        1.462ns  (logic 0.264ns (18.079%)  route 1.198ns (81.921%))
  Logic Levels:           2  (IBUF=1 LUT1=1)
  Clock Path Skew:        1.952ns (DCD - SCD - CPR)
    Destination Clock Delay (DCD):    1.952ns
    Source Clock Delay      (SCD):    0.000ns
    Clock Pessimism Removal (CPR):    -0.000ns

    Location             Delay type                Incr(ns)  Path(ns)    Netlist Resource(s)
  -------------------------------------------------------------------    -------------------
    W19                                               0.000     0.000 f  RST (IN)
                         net (fo=0)                   0.000     0.000    RST
    W19                  IBUF (Prop_ibuf_I_O)         0.219     0.219 f  RST_IBUF_inst/O
                         net (fo=1, routed)           0.988     1.208    data_mem/RST_IBUF
    SLICE_X28Y17         LUT1 (Prop_lut1_I0_O)        0.045     1.253 r  data_mem/data[255][7]_i_1/O
                         net (fo=2184, routed)        0.210     1.462    data_mem/p_0_in
    SLICE_X30Y16         FDRE                                         r  data_mem/data_reg[73][0]/R
  -------------------------------------------------------------------    -------------------

                         (clock sysclk_pin rise edge)
                                                      0.000     0.000 r  
    W5                                                0.000     0.000 r  CLK (IN)
                         net (fo=0)                   0.000     0.000    CLK
    W5                   IBUF (Prop_ibuf_I_O)         0.414     0.414 r  CLK_IBUF_inst/O
                         net (fo=1, routed)           0.685     1.099    CLK_IBUF
    BUFGCTRL_X0Y0        BUFG (Prop_bufg_I_O)         0.029     1.128 r  CLK_IBUF_BUFG_inst/O
                         net (fo=2293, routed)        0.825     1.952    data_mem/CLK_IBUF_BUFG
    SLICE_X30Y16         FDRE                                         r  data_mem/data_reg[73][0]/C

Slack:                    inf
  Source:                 RST
                            (input port)
  Destination:            data_mem/data_reg[73][1]/R
                            (rising edge-triggered cell FDRE clocked by sysclk_pin  {rise@0.000ns fall@5.000ns period=1500.000ns})
  Path Group:             (none)
  Path Type:              Hold (Min at Fast Process Corner)
  Data Path Delay:        1.462ns  (logic 0.264ns (18.079%)  route 1.198ns (81.921%))
  Logic Levels:           2  (IBUF=1 LUT1=1)
  Clock Path Skew:        1.952ns (DCD - SCD - CPR)
    Destination Clock Delay (DCD):    1.952ns
    Source Clock Delay      (SCD):    0.000ns
    Clock Pessimism Removal (CPR):    -0.000ns

    Location             Delay type                Incr(ns)  Path(ns)    Netlist Resource(s)
  -------------------------------------------------------------------    -------------------
    W19                                               0.000     0.000 f  RST (IN)
                         net (fo=0)                   0.000     0.000    RST
    W19                  IBUF (Prop_ibuf_I_O)         0.219     0.219 f  RST_IBUF_inst/O
                         net (fo=1, routed)           0.988     1.208    data_mem/RST_IBUF
    SLICE_X28Y17         LUT1 (Prop_lut1_I0_O)        0.045     1.253 r  data_mem/data[255][7]_i_1/O
                         net (fo=2184, routed)        0.210     1.462    data_mem/p_0_in
    SLICE_X30Y16         FDRE                                         r  data_mem/data_reg[73][1]/R
  -------------------------------------------------------------------    -------------------

                         (clock sysclk_pin rise edge)
                                                      0.000     0.000 r  
    W5                                                0.000     0.000 r  CLK (IN)
                         net (fo=0)                   0.000     0.000    CLK
    W5                   IBUF (Prop_ibuf_I_O)         0.414     0.414 r  CLK_IBUF_inst/O
                         net (fo=1, routed)           0.685     1.099    CLK_IBUF
    BUFGCTRL_X0Y0        BUFG (Prop_bufg_I_O)         0.029     1.128 r  CLK_IBUF_BUFG_inst/O
                         net (fo=2293, routed)        0.825     1.952    data_mem/CLK_IBUF_BUFG
    SLICE_X30Y16         FDRE                                         r  data_mem/data_reg[73][1]/C

Slack:                    inf
  Source:                 RST
                            (input port)
  Destination:            data_mem/data_reg[73][2]/R
                            (rising edge-triggered cell FDRE clocked by sysclk_pin  {rise@0.000ns fall@5.000ns period=1500.000ns})
  Path Group:             (none)
  Path Type:              Hold (Min at Fast Process Corner)
  Data Path Delay:        1.462ns  (logic 0.264ns (18.079%)  route 1.198ns (81.921%))
  Logic Levels:           2  (IBUF=1 LUT1=1)
  Clock Path Skew:        1.952ns (DCD - SCD - CPR)
    Destination Clock Delay (DCD):    1.952ns
    Source Clock Delay      (SCD):    0.000ns
    Clock Pessimism Removal (CPR):    -0.000ns

    Location             Delay type                Incr(ns)  Path(ns)    Netlist Resource(s)
  -------------------------------------------------------------------    -------------------
    W19                                               0.000     0.000 f  RST (IN)
                         net (fo=0)                   0.000     0.000    RST
    W19                  IBUF (Prop_ibuf_I_O)         0.219     0.219 f  RST_IBUF_inst/O
                         net (fo=1, routed)           0.988     1.208    data_mem/RST_IBUF
    SLICE_X28Y17         LUT1 (Prop_lut1_I0_O)        0.045     1.253 r  data_mem/data[255][7]_i_1/O
                         net (fo=2184, routed)        0.210     1.462    data_mem/p_0_in
    SLICE_X30Y16         FDRE                                         r  data_mem/data_reg[73][2]/R
  -------------------------------------------------------------------    -------------------

                         (clock sysclk_pin rise edge)
                                                      0.000     0.000 r  
    W5                                                0.000     0.000 r  CLK (IN)
                         net (fo=0)                   0.000     0.000    CLK
    W5                   IBUF (Prop_ibuf_I_O)         0.414     0.414 r  CLK_IBUF_inst/O
                         net (fo=1, routed)           0.685     1.099    CLK_IBUF
    BUFGCTRL_X0Y0        BUFG (Prop_bufg_I_O)         0.029     1.128 r  CLK_IBUF_BUFG_inst/O
                         net (fo=2293, routed)        0.825     1.952    data_mem/CLK_IBUF_BUFG
    SLICE_X30Y16         FDRE                                         r  data_mem/data_reg[73][2]/C

Slack:                    inf
  Source:                 RST
                            (input port)
  Destination:            data_mem/data_reg[78][1]/R
                            (rising edge-triggered cell FDRE clocked by sysclk_pin  {rise@0.000ns fall@5.000ns period=1500.000ns})
  Path Group:             (none)
  Path Type:              Hold (Min at Fast Process Corner)
  Data Path Delay:        1.503ns  (logic 0.264ns (17.592%)  route 1.238ns (82.408%))
  Logic Levels:           2  (IBUF=1 LUT1=1)
  Clock Path Skew:        1.954ns (DCD - SCD - CPR)
    Destination Clock Delay (DCD):    1.954ns
    Source Clock Delay      (SCD):    0.000ns
    Clock Pessimism Removal (CPR):    -0.000ns

    Location             Delay type                Incr(ns)  Path(ns)    Netlist Resource(s)
  -------------------------------------------------------------------    -------------------
    W19                                               0.000     0.000 f  RST (IN)
                         net (fo=0)                   0.000     0.000    RST
    W19                  IBUF (Prop_ibuf_I_O)         0.219     0.219 f  RST_IBUF_inst/O
                         net (fo=1, routed)           0.988     1.208    data_mem/RST_IBUF
    SLICE_X28Y17         LUT1 (Prop_lut1_I0_O)        0.045     1.253 r  data_mem/data[255][7]_i_1/O
                         net (fo=2184, routed)        0.250     1.503    data_mem/p_0_in
    SLICE_X29Y15         FDRE                                         r  data_mem/data_reg[78][1]/R
  -------------------------------------------------------------------    -------------------

                         (clock sysclk_pin rise edge)
                                                      0.000     0.000 r  
    W5                                                0.000     0.000 r  CLK (IN)
                         net (fo=0)                   0.000     0.000    CLK
    W5                   IBUF (Prop_ibuf_I_O)         0.414     0.414 r  CLK_IBUF_inst/O
                         net (fo=1, routed)           0.685     1.099    CLK_IBUF
    BUFGCTRL_X0Y0        BUFG (Prop_bufg_I_O)         0.029     1.128 r  CLK_IBUF_BUFG_inst/O
                         net (fo=2293, routed)        0.827     1.954    data_mem/CLK_IBUF_BUFG
    SLICE_X29Y15         FDRE                                         r  data_mem/data_reg[78][1]/C

Slack:                    inf
  Source:                 RST
                            (input port)
  Destination:            data_mem/data_reg[78][2]/R
                            (rising edge-triggered cell FDRE clocked by sysclk_pin  {rise@0.000ns fall@5.000ns period=1500.000ns})
  Path Group:             (none)
  Path Type:              Hold (Min at Fast Process Corner)
  Data Path Delay:        1.503ns  (logic 0.264ns (17.592%)  route 1.238ns (82.408%))
  Logic Levels:           2  (IBUF=1 LUT1=1)
  Clock Path Skew:        1.954ns (DCD - SCD - CPR)
    Destination Clock Delay (DCD):    1.954ns
    Source Clock Delay      (SCD):    0.000ns
    Clock Pessimism Removal (CPR):    -0.000ns

    Location             Delay type                Incr(ns)  Path(ns)    Netlist Resource(s)
  -------------------------------------------------------------------    -------------------
    W19                                               0.000     0.000 f  RST (IN)
                         net (fo=0)                   0.000     0.000    RST
    W19                  IBUF (Prop_ibuf_I_O)         0.219     0.219 f  RST_IBUF_inst/O
                         net (fo=1, routed)           0.988     1.208    data_mem/RST_IBUF
    SLICE_X28Y17         LUT1 (Prop_lut1_I0_O)        0.045     1.253 r  data_mem/data[255][7]_i_1/O
                         net (fo=2184, routed)        0.250     1.503    data_mem/p_0_in
    SLICE_X29Y15         FDRE                                         r  data_mem/data_reg[78][2]/R
  -------------------------------------------------------------------    -------------------

                         (clock sysclk_pin rise edge)
                                                      0.000     0.000 r  
    W5                                                0.000     0.000 r  CLK (IN)
                         net (fo=0)                   0.000     0.000    CLK
    W5                   IBUF (Prop_ibuf_I_O)         0.414     0.414 r  CLK_IBUF_inst/O
                         net (fo=1, routed)           0.685     1.099    CLK_IBUF
    BUFGCTRL_X0Y0        BUFG (Prop_bufg_I_O)         0.029     1.128 r  CLK_IBUF_BUFG_inst/O
                         net (fo=2293, routed)        0.827     1.954    data_mem/CLK_IBUF_BUFG
    SLICE_X29Y15         FDRE                                         r  data_mem/data_reg[78][2]/C

Slack:                    inf
  Source:                 RST
                            (input port)
  Destination:            data_mem/data_reg[65][2]/R
                            (rising edge-triggered cell FDRE clocked by sysclk_pin  {rise@0.000ns fall@5.000ns period=1500.000ns})
  Path Group:             (none)
  Path Type:              Hold (Min at Fast Process Corner)
  Data Path Delay:        1.515ns  (logic 0.264ns (17.448%)  route 1.251ns (82.552%))
  Logic Levels:           2  (IBUF=1 LUT1=1)
  Clock Path Skew:        1.953ns (DCD - SCD - CPR)
    Destination Clock Delay (DCD):    1.953ns
    Source Clock Delay      (SCD):    0.000ns
    Clock Pessimism Removal (CPR):    -0.000ns

    Location             Delay type                Incr(ns)  Path(ns)    Netlist Resource(s)
  -------------------------------------------------------------------    -------------------
    W19                                               0.000     0.000 f  RST (IN)
                         net (fo=0)                   0.000     0.000    RST
    W19                  IBUF (Prop_ibuf_I_O)         0.219     0.219 f  RST_IBUF_inst/O
                         net (fo=1, routed)           0.988     1.208    data_mem/RST_IBUF
    SLICE_X28Y17         LUT1 (Prop_lut1_I0_O)        0.045     1.253 r  data_mem/data[255][7]_i_1/O
                         net (fo=2184, routed)        0.262     1.515    data_mem/p_0_in
    SLICE_X30Y15         FDRE                                         r  data_mem/data_reg[65][2]/R
  -------------------------------------------------------------------    -------------------

                         (clock sysclk_pin rise edge)
                                                      0.000     0.000 r  
    W5                                                0.000     0.000 r  CLK (IN)
                         net (fo=0)                   0.000     0.000    CLK
    W5                   IBUF (Prop_ibuf_I_O)         0.414     0.414 r  CLK_IBUF_inst/O
                         net (fo=1, routed)           0.685     1.099    CLK_IBUF
    BUFGCTRL_X0Y0        BUFG (Prop_bufg_I_O)         0.029     1.128 r  CLK_IBUF_BUFG_inst/O
                         net (fo=2293, routed)        0.826     1.953    data_mem/CLK_IBUF_BUFG
    SLICE_X30Y15         FDRE                                         r  data_mem/data_reg[65][2]/C

Slack:                    inf
  Source:                 RST
                            (input port)
  Destination:            data_mem/data_reg[77][0]/R
                            (rising edge-triggered cell FDRE clocked by sysclk_pin  {rise@0.000ns fall@5.000ns period=1500.000ns})
  Path Group:             (none)
  Path Type:              Hold (Min at Fast Process Corner)
  Data Path Delay:        1.515ns  (logic 0.264ns (17.448%)  route 1.251ns (82.552%))
  Logic Levels:           2  (IBUF=1 LUT1=1)
  Clock Path Skew:        1.953ns (DCD - SCD - CPR)
    Destination Clock Delay (DCD):    1.953ns
    Source Clock Delay      (SCD):    0.000ns
    Clock Pessimism Removal (CPR):    -0.000ns

    Location             Delay type                Incr(ns)  Path(ns)    Netlist Resource(s)
  -------------------------------------------------------------------    -------------------
    W19                                               0.000     0.000 f  RST (IN)
                         net (fo=0)                   0.000     0.000    RST
    W19                  IBUF (Prop_ibuf_I_O)         0.219     0.219 f  RST_IBUF_inst/O
                         net (fo=1, routed)           0.988     1.208    data_mem/RST_IBUF
    SLICE_X28Y17         LUT1 (Prop_lut1_I0_O)        0.045     1.253 r  data_mem/data[255][7]_i_1/O
                         net (fo=2184, routed)        0.262     1.515    data_mem/p_0_in
    SLICE_X31Y15         FDRE                                         r  data_mem/data_reg[77][0]/R
  -------------------------------------------------------------------    -------------------

                         (clock sysclk_pin rise edge)
                                                      0.000     0.000 r  
    W5                                                0.000     0.000 r  CLK (IN)
                         net (fo=0)                   0.000     0.000    CLK
    W5                   IBUF (Prop_ibuf_I_O)         0.414     0.414 r  CLK_IBUF_inst/O
                         net (fo=1, routed)           0.685     1.099    CLK_IBUF
    BUFGCTRL_X0Y0        BUFG (Prop_bufg_I_O)         0.029     1.128 r  CLK_IBUF_BUFG_inst/O
                         net (fo=2293, routed)        0.826     1.953    data_mem/CLK_IBUF_BUFG
    SLICE_X31Y15         FDRE                                         r  data_mem/data_reg[77][0]/C

Slack:                    inf
  Source:                 RST
                            (input port)
  Destination:            data_mem/data_reg[77][1]/R
                            (rising edge-triggered cell FDRE clocked by sysclk_pin  {rise@0.000ns fall@5.000ns period=1500.000ns})
  Path Group:             (none)
  Path Type:              Hold (Min at Fast Process Corner)
  Data Path Delay:        1.515ns  (logic 0.264ns (17.448%)  route 1.251ns (82.552%))
  Logic Levels:           2  (IBUF=1 LUT1=1)
  Clock Path Skew:        1.953ns (DCD - SCD - CPR)
    Destination Clock Delay (DCD):    1.953ns
    Source Clock Delay      (SCD):    0.000ns
    Clock Pessimism Removal (CPR):    -0.000ns

    Location             Delay type                Incr(ns)  Path(ns)    Netlist Resource(s)
  -------------------------------------------------------------------    -------------------
    W19                                               0.000     0.000 f  RST (IN)
                         net (fo=0)                   0.000     0.000    RST
    W19                  IBUF (Prop_ibuf_I_O)         0.219     0.219 f  RST_IBUF_inst/O
                         net (fo=1, routed)           0.988     1.208    data_mem/RST_IBUF
    SLICE_X28Y17         LUT1 (Prop_lut1_I0_O)        0.045     1.253 r  data_mem/data[255][7]_i_1/O
                         net (fo=2184, routed)        0.262     1.515    data_mem/p_0_in
    SLICE_X31Y15         FDRE                                         r  data_mem/data_reg[77][1]/R
  -------------------------------------------------------------------    -------------------

                         (clock sysclk_pin rise edge)
                                                      0.000     0.000 r  
    W5                                                0.000     0.000 r  CLK (IN)
                         net (fo=0)                   0.000     0.000    CLK
    W5                   IBUF (Prop_ibuf_I_O)         0.414     0.414 r  CLK_IBUF_inst/O
                         net (fo=1, routed)           0.685     1.099    CLK_IBUF
    BUFGCTRL_X0Y0        BUFG (Prop_bufg_I_O)         0.029     1.128 r  CLK_IBUF_BUFG_inst/O
                         net (fo=2293, routed)        0.826     1.953    data_mem/CLK_IBUF_BUFG
    SLICE_X31Y15         FDRE                                         r  data_mem/data_reg[77][1]/C





